graph,x_0,x_1,x_2,x_3,x_4,x_5,x_6,x_7,x_8,x_9,x_10,x_11,x_12,x_13,x_14,x_15,x_16,x_17,x_18,x_19,x_20,x_21,x_22,x_23,x_24,x_25,x_26,x_27,x_28,x_29,x_30,x_31,x_32,x_33,x_34,x_35,x_36,x_37,x_38,x_39,x_40,x_41,x_42,x_43,x_44,x_45,x_46,x_47,x_48,x_49,x_50,x_51,x_52,x_53,x_54,x_55,x_56,x_57,x_58,x_59,x_60,x_61,x_62,x_63,x_64,x_65,x_66,x_67,x_68,x_69,x_70,x_71,x_72,x_73,x_74,x_75,x_76,x_77,x_78,x_79,x_80,x_81,x_82,x_83,x_84,x_85,x_86,x_87,x_88,x_89,x_90,x_91,x_92,x_93,x_94,x_95,x_96,x_97,x_98,x_99,x_100,x_101,x_102,x_103,x_104,x_105,x_106,x_107,x_108,x_109,x_110,x_111,x_112,x_113,x_114,x_115,x_116,x_117,x_118,x_119,x_120,x_121,x_122,x_123,x_124,x_125,x_126,x_127
0,-0.0009755229,0.0027096954,-0.0013899934,0.0041464698,0.0016619695,0.00037714804,0.000364286,-0.0013217822,0.00079115573,0.0029760664,-0.0004376169,-0.00011243374,0.0017283708,0.00092712353,0.0016484521,-0.0019631265,-0.002047347,0.0039082756,0.0033526795,-0.001526799,0.00042589617,0.0025822194,-0.00039297147,-0.0019247892,0.0030494852,-0.0013448985,-0.0014760963,-0.0034283644,0.0018426058,-0.004361431,-0.00089948764,-5.731897e-05,-0.0009825533,-0.0020397308,-0.0005633033,-0.0034567965,2.143736e-06,-0.0034848505,-0.0014945337,-0.002715979,-0.0030988483,0.0010765201,-0.002392744,0.004585965,-0.0046799057,0.0016417496,0.001521044,-0.0023102243,-0.0004549668,0.004151055,-0.0011645756,-0.00040737863,-0.002862155,-0.0018401147,-0.0033362606,0.003628553,0.0023414274,-0.003095303,0.00063427427,0.002407282,0.0033241468,0.00283132,0.0041891616,-0.0011196033,0.0030926575,-0.0036090522,0.0011656224,-0.00056760147,-0.0043476825,0.0018566544,0.0006400246,0.0021173717,-0.003382977,-0.002892118,-0.00027521452,-0.0015521247,0.0011045173,-0.0024884802,0.0017356166,0.003026928,-0.0025822313,0.002106519,-0.00302178,-0.0005728414,0.0031147178,0.0030125699,-0.0024256299,-0.0030192975,0.0013604504,-0.0032044651,0.0012702796,0.0031600113,-0.0020412232,0.0013196031,0.0038045095,0.0014116535,-0.0022802881,-0.00046350443,-0.004889281,0.004693689,0.0037005725,0.0009271201,0.0021940651,-0.004483308,0.00042758018,0.0021328616,-0.0021043357,-0.0015623256,-0.0012167529,-0.0037361789,0.0049602147,0.0015330843,0.0037455773,-0.0017008482,0.00395393,0.002575626,0.0025769714,-0.0025708776,-0.0001941287,0.0002821682,0.00063307246,-0.0012345499,-0.0022825084,0.0010047869,0.00094166433,0.0032206357,0.003654509,-0.0023087647
1,-0.0014640562,-0.00013263995,0.0031679478,-0.002073702,-0.0010779407,-0.0017817679,-0.001036116,-0.0034154824,0.0048508444,0.0015824717,-0.00410898,0.00014049147,0.00031542266,-0.0012096247,-0.0008390906,0.0036678053,-0.0035820988,-0.00066199433,0.0016512921,-0.00041844932,0.003673879,-0.0038151115,0.0010160115,0.00038252492,-0.0032768114,-0.0042955903,0.0015866604,-0.0026589483,0.00080422,-0.00041816212,0.0023418008,0.0033447845,-0.003334088,-0.0008654345,0.0012890904,-0.002248472,0.0022416979,-0.002059182,-0.0041618673,-5.710448e-05,-0.002815001,0.0007591555,0.0018576932,0.0035138566,0.0027719857,-0.0036922053,-0.0005718615,-0.00012668295,-0.0026224782,0.0040753707,-0.0024823835,-0.001115056,0.00209265,0.0030661458,-0.0028624297,0.003215286,-0.00048863783,-0.004256941,-0.0012135867,0.0014749783,-0.0040467056,-0.0028147323,0.0042757443,-0.00078385684,-0.0016659377,0.003335046,0.00037269332,-0.0017086219,-0.000548797,-0.00059411535,0.004201846,0.003258795,-0.003803761,-0.0034636313,-0.0004733224,-0.0047110124,-0.00028242604,0.0012541487,-0.003057688,0.0035308904,-0.0010149439,0.0023547024,0.0011471472,0.0034531723,0.0007778135,-0.00026253244,-0.0018810043,-0.0012672648,4.9064896e-05,0.0014691657,0.0030377621,-0.00058965245,-0.00051986054,0.0031086756,-0.0031379415,-6.079292e-06,-0.0012587659,0.0010851128,-0.002575664,0.003346183,-0.00031750914,-0.0015727826,0.0032902574,0.00086633867,0.00064515014,-0.0035759339,-0.0022847087,-0.0033662224,-0.0005353369,-0.0040817335,0.0029882337,0.0029496886,-0.001541172,0.0028591987,-0.00055422314,0.0024952467,0.0020142682,0.0002860899,0.003078648,-0.00043174185,0.0034799522,-0.0013351453,0.0003865797,0.00047720154,-0.000846856,-0.0027777904,0.002879246,0.0035335904
10,0.0024798145,0.0048039793,-0.0027831027,0.0034318508,-0.0006545472,0.0034898669,-0.00094892376,0.0028354002,0.0055569434,0.000647475,0.003208255,0.0023551215,0.004213783,0.0039091557,-0.0014862373,-0.0016164441,-0.0007429132,-0.0022612726,0.0051524565,-0.002197664,-0.0032977557,0.0026414979,-0.00069264835,0.0016813972,-0.0006949666,-0.00023353622,0.0015856622,0.00028968317,0.0013412926,-0.001961486,0.0022517988,0.0028692062,0.0032668812,-0.0026961868,0.002006291,0.002672285,0.0027399068,0.0041422197,-0.0005985914,0.002196586,0.00406194,0.0016256961,-0.0028787367,0.0034246135,-0.0022188902,-0.004505409,0.0002916818,-0.0026984066,0.0030511324,0.00048142488,0.0014248404,0.0016409039,-0.0006822267,0.0010089871,0.0022096965,0.0034026331,-0.002412653,-0.0035176498,0.0031055298,-0.00077432377,-0.0014119466,0.00084927754,0.0036879883,-0.0041116155,-0.0018949913,-0.0010406406,0.003285571,0.0029507782,-0.003245184,-0.0041804397,-0.0021159116,-0.0010882545,-0.0023265295,0.00072452705,-0.002662327,-0.00015359987,-0.00014918306,0.0027249123,0.002783911,0.0026878424,0.0030634901,-0.0015493521,-0.0013824631,0.0015099272,0.004509889,-0.003050178,0.0023094367,0.003859535,-0.0011473931,0.0036468985,0.003969934,-0.0029879932,-0.00065044576,-0.0027377256,0.000783725,-0.0010384005,0.0007361273,0.003855299,-0.003183851,0.003518854,0.0013390701,0.0015001984,0.00075283484,-0.00038255446,-0.0011862803,-0.0024995827,0.0003738328,0.0021430708,0.0037908347,0.0016085642,0.0022921402,0.00281582,0.0021712026,-0.0026991784,-0.002650381,-0.0015865705,-0.004090762,-0.00051936187,-0.0023634222,0.0019878491,0.00020304818,-0.0023679328,0.004494151,0.00027344088,0.0014081711,-4.4415734e-05,0.002060331,-0.003421509
11,0.0025770115,0.0011272127,0.0017715389,0.001956413,-0.0011448669,0.0028652542,-0.0032664165,-0.0030895534,0.000895495,-0.0013063328,-0.0025128936,0.0033936782,0.0011200673,0.001591201,-0.0017892942,0.00025497013,0.0022321362,0.0016524476,0.00067969155,-0.0033928961,-0.0013842176,-0.0019512738,0.0010702338,0.0018324031,0.0005552252,-0.0009149902,-0.0030204658,-0.0027827297,2.425932e-05,-0.001991281,-0.00047334927,0.0006689805,-0.0019723908,0.0005324075,-0.0026163193,-0.0030788993,-0.001531379,-0.0011819993,0.0023813702,-0.00062020065,0.000271634,0.0017033794,0.00011313048,0.0027074327,-0.0023092185,-0.004331572,-0.0022396487,-0.0007535965,0.0019260031,0.0013851187,0.0035073324,-0.0010902315,-0.0011127541,5.4920365e-05,-0.002542916,0.0005547293,0.001061559,-0.0032977592,0.0031993317,0.00019153589,0.0017685475,0.0024835402,0.0018878268,0.0034020743,0.00231864,-0.0012972332,0.0029093302,0.0020351366,-0.00024372834,0.0010506875,0.0022640273,-0.0007484412,-0.0042005773,0.003011759,0.0003798819,0.0004823476,-0.0024936192,0.0018216822,-0.002680166,0.0012428395,0.0008516019,-0.0026543078,-0.003563595,0.0045540337,-0.001069795,-0.0032400216,0.0039714174,0.0012260453,-0.0024629498,-0.003253502,-0.0018553139,-0.0024589447,-0.0033411062,-0.00034460053,0.0014494323,0.0015953418,-0.0016230041,0.00083181367,-0.0018018106,0.0032232336,0.00065443193,0.0006668263,-0.0005223019,0.00052861543,0.0023096944,0.0014304259,0.001974224,0.0033688706,0.003106186,-0.0039573004,0.002605953,-0.0011822743,-0.003351179,0.0007891063,0.0012784518,0.0014907911,-0.0035594741,-9.492002e-05,0.0017755482,0.0019408227,0.0012343614,0.0032254423,-0.0013513596,0.0027456912,0.002254582,-0.0015052792,3.327231e-05,-0.0037048827
12,-0.0018413853,0.0014550476,-0.001581658,0.0009075284,0.0015270823,-0.0029781407,-0.0003100285,0.0030246514,0.0047826995,-1.966377e-06,0.00094952405,-0.00014379628,0.0032947036,0.0005189645,0.0008933686,0.0025063758,0.00086139963,-0.0008796844,0.0045271055,0.0027154393,-4.1931657e-05,0.00020404818,0.0022252672,-0.0019077887,0.0018955938,0.00019098345,0.0028226315,-0.0007944567,0.001127233,-0.004346705,0.00060738734,-0.0016170207,0.00059081835,-0.002937373,-0.0029183468,0.0030758297,0.0015693619,0.0013826414,-0.0035507453,0.0029697935,0.0037519997,-0.0013448749,-0.0006803433,-0.0013950208,0.00055320596,-0.0029286589,0.0023756884,-0.0025267212,-0.001820074,-0.0009155181,0.0028776715,-0.004226293,-0.002716877,0.0023878717,0.002718572,0.00014074116,-0.00057809043,-0.0005798159,0.0021868728,0.0020158775,0.0025711025,-0.003335733,0.0010086567,-0.0006338721,0.0043215603,-0.0014133638,0.003782711,0.003108285,0.0022976252,0.0014473324,0.0038493339,-0.00062359864,-0.0014588668,0.001151031,-0.0034552035,0.001979422,-0.0033537901,0.003830215,0.0010273291,-0.0020455169,-0.00021656726,0.002531041,0.0017996279,0.0033980529,0.002510062,0.003120968,-0.0027968779,-0.0027948853,0.0031313016,-0.00030553708,-0.00243468,0.0020304008,0.003087822,0.0018154635,0.003277837,0.0012137364,-0.0037427824,0.0032772834,-0.003448029,0.0034519623,0.0030363137,0.00088168855,0.0032558509,-0.002342596,-0.00018688348,0.0037235816,0.001367991,-0.003767415,0.0037361076,-0.0010259543,0.0009107669,0.0007901837,-0.0024936374,-0.0037019572,0.00022116737,0.0027382986,-0.0027544214,-0.0022460907,-0.00029024933,-0.000515803,-0.0016515609,-0.0022609502,0.0018066041,-0.002119427,0.0010570773,0.0022291015,-0.0015757638,0.003339103
13,0.00058696495,0.00017490993,-6.022966e-06,0.002268288,0.0031860466,0.0023551285,1.0016869e-06,0.00039547696,0.0034461794,-0.00017562241,0.0020225174,-0.00051914476,0.0033272053,0.002889833,-0.0013500842,0.0026482232,0.0019519761,0.0019523063,-0.0021584714,0.0030900622,-0.003313395,0.0011685083,-0.0016576963,-0.002900958,0.002936459,-0.0010362111,0.0012587896,0.0029442937,-0.0012836165,-0.0021467067,0.0026969493,0.0013403823,0.0014371562,0.0025042484,0.0023426905,0.0019198365,-0.0027519919,-0.00050458795,0.0019110603,-0.0029789559,0.0033323718,0.0031662805,-0.0026123351,-0.000136264,-0.0012537079,0.0010933018,0.0020444288,0.0009456923,-0.0011473799,0.0038805755,-0.0016534597,-0.003992558,-0.004431245,0.0030177352,-1.0907871e-05,-0.0013100588,-0.0013678942,-0.0015235017,0.0023873113,0.0036421013,0.0022072361,9.4076495e-05,0.0031585975,0.0018791141,-0.0012045694,0.00069468137,0.0028351604,0.0033950335,-0.00429205,0.0014493876,0.0017696696,-0.0026003914,0.0031407673,-0.0029285173,-0.002016912,-0.003227456,-0.0016571373,0.000300525,-0.00028790368,-0.0023115913,0.00023809657,0.0032748433,-0.0034344965,0.00026676833,0.00021708409,0.0010491898,0.00047358128,-0.0034903493,-0.00013329595,-0.0030154057,0.0013650324,0.00022280564,-0.0013167309,-0.003359914,0.00043392676,-0.002630426,0.000751081,0.002918429,-0.001485635,-0.0030761766,0.004558443,-0.0008942041,0.001853686,-0.0014289946,0.0029232914,-0.0020057487,0.0008605241,0.0025662747,2.9327455e-05,0.00077059976,0.0039080377,0.002363166,-0.00038582148,0.00047756333,0.0029581666,-0.0013928341,-0.0031193483,0.0014851721,0.001702398,-6.129811e-06,0.001783157,-0.0017498625,-0.0020927498,-0.0015651037,-0.0032006463,0.002312648,-0.003189298,-0.003706239
14,-1.7137781e-05,0.005355103,-0.0012915347,-0.0013213406,-0.0018044297,-0.004245711,-0.0005099561,-0.0012263436,0.0036709192,0.0029120264,-0.00134286,0.0040452303,-0.00041901963,-0.0005939687,-4.499837e-05,0.0048452234,0.0022035593,0.0029217326,0.0014269357,0.0021417884,0.0035988777,-0.0023692101,-0.0040369993,0.00016210372,0.0038320164,-0.0040671565,0.0047411304,-0.0021979758,0.0027887258,-0.0015960354,-0.0016022889,0.0022045274,-0.00043305164,-0.0041506924,-0.001013812,0.0013197293,-0.0028980004,-0.0008950921,-0.003644956,0.002796452,-0.0025688484,0.0020385783,-0.0033646862,0.0017029941,-0.0034547402,-0.004237373,-0.003983556,0.003690293,-0.0029031886,0.0001716105,0.002390324,-0.0021279894,-0.0046453658,-7.5301636e-05,0.0007554923,0.002552084,0.0028784862,-0.0035910937,-0.0024033068,0.0024052192,-0.0035317182,0.00025287023,0.0046414463,-0.00064346695,0.004533924,0.00023431366,0.00410263,0.003745998,-0.0030570317,0.0005862754,0.0007812768,-0.0034786363,-0.0017378994,0.002045732,-0.004517015,-0.0020969072,-0.0038232128,-0.0025788455,0.002052348,0.000855974,0.00029328538,0.00043235172,-0.006479379,0.006078966,-0.0010550205,0.0035478575,-0.002143826,-0.002551891,-0.003524145,-0.0022291278,-0.0027016313,0.0012373364,0.0016000794,-0.003563204,-0.00020357399,0.0025002456,-0.0015963785,-0.0017939077,0.00063219207,0.00097038416,0.0006758207,0.0020155888,0.004388143,0.00053057965,0.0015680655,0.0007375967,0.00398472,0.0025404198,0.0022725933,-0.0007709098,-0.001116836,-0.0026630214,-0.0015695172,-0.0034313207,-7.9073245e-05,-0.0042354707,-0.0040766564,0.0021653331,0.0024090514,0.00072855427,-0.00063477445,0.005007289,0.0027335351,-0.0015350949,-0.0016629149,-0.0027962807,0.003138505,-0.0025939532
15,0.00019806302,0.0042293686,0.00033342664,0.00128566,-0.0030805857,-0.0016908741,-0.0038231085,-0.0013725853,0.0023541674,0.004637628,0.00044278242,-3.4162596e-05,-0.0020788948,0.0026720793,-0.0035245349,0.0036429816,0.004418783,-0.0016653631,0.0037968336,0.000710988,-0.002230387,0.0022653618,-0.0012293564,-0.00140698,0.0035604397,-0.000781444,-0.0015839163,0.001372182,0.004583626,0.0017365889,0.0037884808,7.3467156e-05,0.0033879508,-0.00094078685,-0.0002669995,-0.0016401877,0.0024927093,0.0025395832,-0.0046288413,-0.0022463622,0.0026844696,0.0010908351,0.00027837354,0.001991096,-0.0006105957,-0.00271317,-0.0035213905,0.0049682646,-0.001424325,-0.0018302248,-0.00057104765,-0.0011325004,-0.0014794304,-0.004108041,-0.0047057983,0.0054496806,-0.0015461356,-0.00012212267,-0.0014732124,-0.002628552,-0.0035613584,0.0013388845,0.0021958721,-0.00030284046,0.0010414019,0.0014442928,-0.0003744015,0.0007278816,-0.0055727144,-0.0021318283,-0.0023768728,0.0030504656,0.00031795242,-0.0014279995,0.0028678132,-0.0019224106,-0.0021912938,-0.0018662743,0.0025641103,0.0029284116,0.0028099455,0.0023718628,-0.0059049926,0.0040351194,0.004601714,0.000752453,0.0047193603,0.0007615661,-0.0028615594,0.004871894,0.0006439962,0.0006861982,-7.856281e-05,0.0010876039,-0.0018933787,-0.0015628111,-0.0016452014,0.005188666,-0.0057684616,0.0018026868,0.002052451,0.0017998258,-0.0015926722,0.00061614043,0.0012895993,-0.0016399277,-0.0016197104,0.001321801,0.0026694539,-0.0019718937,-0.0013334025,-0.0010902956,-0.0015704215,-0.0018036006,-0.002422257,-0.0042062975,0.0021287221,0.0023111966,0.00193864,-0.0015631233,0.002015412,0.004069247,0.0043576616,-0.001508163,0.0027283886,-0.0018209516,-0.0014461367,0.0025382647
16,0.0011303406,0.0005616441,0.0012930711,-0.00058402284,0.0021757171,0.0027360367,-0.0025876756,0.0007337331,-0.0026556528,0.0021229512,0.0016956696,-0.000340195,0.003655951,-0.0030968348,0.0033605192,-0.003292696,0.002051306,0.0017555172,-0.0009552374,-0.0028327073,-0.0029636119,0.0012079917,-0.00084518164,0.00025081832,0.0011916589,-0.003093821,0.0016213508,0.0028558478,0.002693036,-0.0029446748,-0.0030633826,0.002251045,0.002237444,0.000107374806,-0.0013681086,-0.0002619111,-0.00068015856,0.00019531815,-0.00050780055,-0.0023489299,-0.002658374,0.0032812501,-0.0039170035,0.00017700686,-0.0020462102,0.0023758078,-0.0030746844,0.0037386832,-0.00083382573,-0.00067230593,0.003783144,0.00243075,-0.0031428433,-0.003699683,-0.0024189483,-0.0013380075,-0.0010508066,0.002446656,-0.0025319408,0.0017794269,0.0017694917,-0.002131217,0.0010440706,-0.0031063866,-0.0012488272,-0.0007877074,-0.002150731,-0.0005194375,-0.00046164525,0.0011676821,0.0007507667,0.00018743878,-0.00016966597,0.0015375172,0.00087934156,0.0005192463,6.0826635e-05,2.8411148e-05,-0.0021940256,-0.0011680644,-0.0028793358,0.002164988,-0.000747967,0.0030142618,0.0040316377,-0.0009091904,0.0016061146,0.0019329439,-0.0004977666,0.0016770684,0.0036108634,0.003037005,0.002062476,-0.002965261,0.0017923962,0.0025051837,0.0011395724,0.00023856165,0.0035047657,0.0029363788,0.002441475,0.0025433935,0.0008880842,0.0016301112,0.001695816,0.0038920497,0.0011819336,0.0030908536,-0.0037311523,-0.001146143,-0.0004817393,0.0038701827,0.002594729,0.0019677433,0.001905139,-0.00063632865,-0.0037110532,0.003876433,-0.0034852251,0.0003057735,0.0034428127,-0.0005773958,0.0009110664,0.0016726085,0.00066708046,-0.0001954048,0.00046512578,-0.003937886
17,-0.0006534598,0.0045996043,0.0004121128,0.0015383118,-0.004808146,-0.004072521,0.0023502787,-0.0025419372,0.0041326075,0.003529935,-0.0013481008,0.00069304905,0.0015695743,0.0032738843,-0.0021861554,0.0027703505,0.00089086493,0.0010508866,0.004450071,-0.0008737969,-0.0019722516,0.0035865065,0.0027655552,-0.0024110475,-0.0023836417,0.00061933417,0.004986997,-0.0015066011,0.00030731224,0.0022666384,0.0022985458,0.0017984979,0.002323607,-0.00047431135,0.0016538793,-0.0018007915,0.0027631996,0.0041094627,0.0007051,0.0012525963,0.00087324315,-0.0033297106,-0.0015738606,-0.0011668563,0.00014404632,0.00096366624,-0.002616735,9.012496e-05,-0.0008980339,-0.002351568,0.0047145006,-0.004347615,0.00092894275,0.000110991394,-0.004480435,0.004851537,0.002297404,-0.005656095,-0.0009677862,0.0037054503,-0.00076274225,0.00047507277,-0.0011872058,-0.003936766,0.0013965386,0.00036768493,-0.001745774,0.0005891316,-0.0037051833,-0.004200812,0.0037329036,0.0031224694,-0.0035333023,0.0045271846,-0.003117887,-0.0058089816,0.00075372984,-0.0020105778,0.003070658,-0.0020806214,0.00025068992,-0.0030727307,-0.005751043,-0.0008343231,-0.00095450867,-0.002693167,-0.0005006501,-0.0013732305,-0.0038767958,0.0029394156,-0.0016408188,0.0017457072,6.4129585e-05,0.0011482595,0.0030255849,-0.000969077,0.0020618355,-0.00053679396,0.0004804511,-0.00040383934,-0.00019244074,-0.0037034047,0.0031939622,-0.004889273,0.004449404,-0.00066733966,0.0017827273,7.996157e-05,0.0030889355,0.0006076512,-0.0017993745,-0.0018048336,0.0006493137,0.0012105664,0.0045943167,-3.6167166e-05,-0.00276687,0.00067103485,-0.0015942792,0.0015872185,-0.00063475856,-0.0012988275,0.004320418,0.0033373372,-0.0035845914,0.00042640354,-0.0011203671,0.0025604449
18,0.00151947,0.0045518377,0.0003293752,0.00065084774,-0.0022353316,-0.0023047403,0.0013759192,0.00037279027,0.0050927945,0.002392309,-0.00020325181,-0.0019585146,0.0035825912,0.0012521871,-0.004207758,0.0014961975,-0.0014334547,-0.0014628094,0.003984895,0.0016416836,-0.002271503,-0.0034551683,-0.00057129347,0.0006593851,-0.0017652034,-0.003972749,-0.0009810249,-0.0005283234,0.003918166,-0.0013255822,0.0016341149,-0.0013622418,-0.0008498547,0.0034462144,-0.00024137628,-0.0031388183,0.0023600904,-0.0022073097,0.0015079762,-0.0038545723,-0.0011484283,-0.0039209747,0.002506666,0.0012029842,-0.0009001789,0.0014530474,-0.0025249103,0.00036679787,-0.0017045019,0.0035109473,-0.0030658878,0.0031065368,-0.0029762206,-0.004242023,0.0028201512,0.0008301196,0.0027148493,-6.044191e-05,-7.507675e-05,0.0012609573,-0.0005751341,-0.00035414274,0.0028219365,0.0029230688,-4.4275796e-05,-0.0018924652,0.0029491375,-0.0007381465,-0.0022571897,0.0029101677,-0.00044713187,-0.0034687086,0.0032501037,0.0037613267,-0.0014834808,-0.005223387,-0.004591764,0.003927945,-0.002630881,-0.003294365,-0.0016352152,0.0026854957,-0.0018943906,-0.0003122285,0.0043835617,0.0031574918,-0.0025384945,0.0030764625,0.0012340194,-0.00052365323,0.0028718957,0.0019138341,-0.00094224606,0.00276974,0.0009226233,-0.0014745115,-0.0032747388,0.0022689383,-0.0041455775,-0.0027577064,0.0022237923,0.00037406202,0.0040094196,-0.0029504085,0.003090396,0.0024912993,0.00030494021,0.0029714042,0.0014823151,-0.0032101576,0.0020930963,0.0023719277,0.0031277237,-0.0036146191,-0.0017008841,0.0017606333,-0.0030812419,0.0036504338,-0.002337377,0.0011413748,-0.0025659245,-0.001275431,0.0020388432,-0.0020996488,-0.00051988877,-0.0043082377,0.00047546183,0.0017439859
19,0.001654274,-0.0005413929,0.0034460293,-0.0019912699,0.0008373629,-0.0030627195,0.0005544056,-0.0024384048,0.0035619473,-0.0005358935,4.688523e-05,0.00089875277,0.001235944,0.0032893291,0.00024598665,-0.0010005462,0.0030450535,-0.0027221856,0.0043963054,-0.0012848793,0.0017908972,-0.00056872546,0.0006241538,-0.0009204185,0.0015297945,0.0017237169,0.00077503035,-0.0038821797,0.00061767315,-0.001175622,0.0016643298,-0.0003659623,-0.0033847445,-0.0022058524,-0.0039462834,0.00017084349,-0.003299219,-0.001825042,0.00066994596,0.0011308695,0.0009644113,-0.0013386863,0.0015634706,0.0018243428,-0.0043760864,-0.00358807,0.00028059652,-0.00049348193,0.00013509845,0.00019320443,0.0034378376,-0.0005751426,0.0010287858,0.0016620519,-0.0024923652,0.00064616516,0.0005566249,-0.0028015147,-0.00072628167,-0.0012733295,-0.003184592,-0.0022863403,0.0048357705,0.00026653588,-0.0021732834,0.0039031554,-0.0003298645,0.002135004,0.00045964582,0.0026599225,0.002207415,0.0033758616,-0.00066452625,0.0012191164,-0.0023100404,-0.003719474,-0.0045242016,0.002430805,0.00079260743,-0.00075263705,5.9618967e-05,0.0022556034,1.7274364e-05,0.0045528864,0.0006757213,0.0025609634,0.0016024662,0.0027875137,0.00041250192,0.0008073092,0.0032354293,-0.002882558,-1.4429197e-05,0.0038818768,-0.0030791406,0.002413073,0.0023100807,0.00035382857,-0.004233196,0.0024241603,0.004987115,0.00025064172,-0.002769788,0.0028899787,-0.002401431,0.0015366573,0.0011518237,-0.0028004441,0.0032193458,-0.0018968328,0.0028260155,0.0014357099,0.0012265011,-0.0023480745,0.0030320457,-0.0027581118,-0.0024082733,0.0031106048,0.0031067187,-0.001159654,-0.0004994571,0.0015561009,0.0016326389,-0.000105117906,-0.00061509566,0.0019721638,-0.0022698902,0.002990855
2,0.0017304211,0.0027913179,0.005067303,0.0023512978,-0.0043981336,0.002006073,-0.00054464804,-0.0013794556,0.0082913805,-0.0006331644,-0.0011832298,-0.0021265873,-0.0014067659,0.0038679345,-0.0012076463,-0.0022416057,-4.4249897e-05,0.0012435506,0.0065002455,0.0031112593,0.0015149534,-0.0033765289,0.0006786234,-0.0004591299,0.0011415984,-0.0029208993,2.4366578e-05,-0.0057062707,-0.0009666272,-0.0026012613,0.002671736,0.0011423134,0.0013417659,0.00072151696,0.0008953992,-0.0041503464,-7.354948e-05,-0.0023172537,-0.0048194146,-0.001609542,-0.0008549406,0.00081319624,-0.0035422966,0.004105981,-0.003667554,-0.0029593448,0.0028852776,-0.0017914806,0.0027467012,0.003985927,-0.001965436,0.00016026736,-0.0020134475,0.0027103543,-0.0033237175,0.0061623147,-0.0016099892,-0.00080631726,-0.0026748725,-0.0014500857,-0.0020417336,-0.0027492032,2.5898065e-05,3.4179015e-05,-0.0009535375,0.00049375027,-0.00015303364,-0.0008531644,-0.00027120742,-0.0031416137,0.0016856446,-0.0005363558,0.002202316,0.0010666053,0.0013913804,-0.00415072,-0.002856712,-0.0021823784,-0.0022916775,0.0032030232,0.0044041076,0.004073197,-0.007076949,0.005906917,0.005806259,0.003520791,0.0038491616,0.0036530474,0.0009711224,-0.0019526667,0.003815344,-0.0038822773,0.002952549,-0.0028618919,1.2587105e-05,-0.0028422999,0.0017174436,2.2726821e-05,-0.0044056973,0.004442299,0.0058173337,-0.00077924307,0.0002453855,-0.0053166687,0.0032335706,0.0018015141,-0.0017501621,-0.0031948762,-0.0030230188,0.002703679,0.006092242,-0.0019410407,0.0022120096,0.00091303897,0.0033573036,-0.00039938587,-0.002045822,0.004444078,-0.00090091873,0.0028097217,0.00030118696,-0.002104618,0.0050504967,0.0006393285,-0.0016286296,-0.004813,-0.00010791422,-0.0023265693
20,0.0012656089,0.0020471916,0.0010504812,0.0032278937,0.0021153851,0.0032952325,-0.00029898892,-0.0028385702,0.003658607,0.0024886765,-0.0012789299,0.00025021646,0.0019273033,-0.0012057406,-0.0043939464,0.0028153593,0.0017607906,0.0025433716,0.0007427351,0.0011754024,0.0016587838,-0.00063899095,-0.0010391038,-0.00028583824,0.00065196515,-0.0024474224,0.0014211808,-0.0015908031,-0.0010725918,-7.808398e-06,-0.0025359346,0.0032833857,-0.003233471,-0.0013839871,-0.0018090286,-0.0034820873,0.0017339501,-0.00023440932,-9.763737e-05,0.0015096655,-0.003142612,-0.0026907285,-0.0048263604,0.0040718378,-0.0043472825,-0.00081211375,0.0036321338,-0.00011162603,-0.0004507473,0.0018943221,0.0030642117,-0.0044567417,-0.0039735907,0.0029916558,0.002875273,0.00017536808,0.0022274682,-0.003234441,-0.0008260133,0.00063780334,-0.0017222202,-0.00078995427,0.004361233,-0.0022724555,-0.00052647776,0.0037182032,-0.001441653,-0.002150141,0.002591092,-0.0037581217,-0.00058943377,0.0022315653,-0.0021709672,-0.0027945302,0.0017026907,0.001970835,0.002111631,-0.0018367311,0.0013278745,0.0039835162,0.0021374302,-0.0018329375,-0.003479528,-0.0018415594,0.0027404716,0.0002809194,0.00194085,-0.0004885495,-0.00045077797,-0.0013235095,0.003675528,-0.0016522842,0.00036585145,0.000398156,0.001226131,-0.002266099,-0.0031280683,0.0044789454,0.0019996678,0.0033060606,0.0022041618,-0.0040672184,0.0002661828,-0.0033763018,0.0029134597,-0.0012671514,0.0022244179,-0.0005243784,0.0026034804,-0.0027257423,0.0026019095,0.0028833414,-0.0017984833,0.0005336773,0.0027377803,-0.00247441,-0.0032573855,0.0015534511,-0.0003130198,-0.0026797121,0.0007185841,0.0041051684,0.0030967016,0.0033891574,-0.0018945737,-0.0005518785,-0.0008253609,0.0025750846
21,0.0035899098,-0.0013805311,-0.0022765344,0.0029827089,-0.0018037395,-0.0033432099,-0.00048983836,-0.0006043923,0.005168956,0.0028068367,-0.0036181079,0.00017419322,-0.00014633145,0.0012082136,-0.00076683157,-0.0027310443,-0.002244776,0.0014770812,0.003829709,0.0026420993,0.0006794405,-0.0037870733,0.0004243797,0.0023781739,0.0023174786,-0.0037147403,0.004521527,-0.0043550753,0.004226461,0.0028149893,0.00029899713,0.003152141,0.001172949,-0.0021195267,-0.0021232537,-0.0032879862,-0.002321323,0.00088291254,-0.00045268325,0.0009167395,0.0032168797,-0.003911763,-0.0017037122,0.0036898605,-0.0039966814,0.0020501812,-0.0038643475,-0.00060326915,0.0036168061,0.0041388925,0.003374305,0.0012725737,-0.00412954,0.0011099818,0.00082873594,0.0048458707,0.00046265154,0.0026192009,0.0008640672,0.0013837176,0.0029253678,-0.0023798975,-0.0013204871,0.0015646071,0.0012898155,0.003669531,0.00031155068,-0.002756614,-0.0026124055,-0.002505313,-0.0031556275,0.00018765702,-0.0022470455,0.0034131296,0.0026611546,-0.0044599897,0.0020187497,0.0023041528,-0.0020344667,-0.0026140613,0.00035236173,0.0007027428,0.0010497335,0.0011704251,0.003684185,0.0041246233,0.0042534485,-0.0004367667,-0.0010627748,-0.0002986531,-0.0033191033,0.0025318137,-0.0012694816,0.0026553592,0.0022211736,3.4437973e-05,-0.0007644727,-0.0020914443,-0.004196347,0.0015724634,-0.0011558062,-0.004145852,-0.0022077025,-0.002369745,0.0036476997,-0.002545708,0.0031004767,0.003678673,0.00048470363,-7.854128e-05,0.0031580415,-0.003745225,-0.0036216537,0.0012554115,0.0024391473,0.0016918004,0.00024606992,0.004366813,-0.00086361077,0.0018804691,-0.0035216494,0.0014131576,-0.00014286577,0.0023177548,-0.0023804859,0.0018524582,-0.0017461982,0.0032423895
22,-0.00239953,0.0049559465,0.0002878018,0.002170066,0.002581919,-0.0042291107,0.0008972504,-0.004060315,-0.00031136852,0.00036660524,-0.00058521697,0.0018074397,0.0015860792,0.0010122159,0.002137582,0.0035944916,0.0018792439,0.0023276864,0.003043346,0.0037778446,0.0017769706,0.0034564412,-0.0019040643,0.0013874329,0.0011234368,-0.0016076472,0.00023606284,-0.0023236284,-0.0021732787,0.0018407552,0.0044288733,0.0024754645,-0.0005214136,0.0030005113,-0.00018430076,-0.0013821368,0.0025571105,-0.00042347866,-0.0021027199,0.0006789568,-0.00041112205,0.0033792502,-0.0023520878,0.00071858,-0.004844745,0.0022429195,-0.0042216047,0.0014617281,-0.0026909458,-0.0016596159,-0.002637176,-0.0010539378,-0.0055403267,-0.00213993,0.0014981349,-0.00072656217,0.0031369533,-0.0046109506,-0.0021640158,-0.0025355606,0.002876909,-0.0025436643,0.0047341157,0.0013863023,-0.00014063357,0.0014196924,0.0033124217,-0.0022085109,-0.001988774,0.0015485536,0.0020510645,-0.00260825,-0.004495641,-0.0017590952,0.0011927083,-0.005933186,0.0003459905,-0.0011280646,0.0029354163,0.002301228,0.00075215515,0.0021390123,-0.0041889213,0.002035549,-0.001959006,0.00073174544,-0.0030923376,0.0042391387,-0.0022447486,0.0028349883,0.0013591471,0.0015758795,-0.0037586372,-0.0001336264,-0.0023034534,0.0027017568,-0.0006475828,-0.0020505472,-0.001461538,0.0002616789,0.00064465095,-0.0028103113,0.003773631,-0.0029485584,0.0007572602,-0.0028930604,0.003879529,0.0027444405,-0.00045498475,0.0016697947,0.00077688403,-0.0009111719,-0.0034747566,-0.0031477872,0.0027797583,-0.002740725,-0.0029802367,-9.787746e-05,-0.0019254183,0.0015066749,-0.00025812286,-0.00054021797,0.0031241078,-0.00019625765,0.0002657596,0.0018076635,0.0014906527,-0.0022686855
23,-1.2905088e-05,0.002488616,0.004168894,0.004647021,0.0025986196,0.0022524097,-0.0037049511,-0.0020891645,0.006106841,0.0033433132,-0.0033183875,-0.0017267882,0.001873388,0.0010571282,-0.004389968,0.00048005738,-0.0007093858,0.003870455,0.004086025,0.0037666268,-0.0018587523,0.0023816768,-0.0010949704,0.00069476105,0.00355628,-0.0032807814,-0.0024920534,-0.002242759,-0.00079348,-0.0037770127,0.0011842129,-0.001028734,-0.0036039653,-0.0011028711,0.0017278796,7.1445875e-06,-0.0008038671,-0.00077153184,-0.0008580737,-0.004091438,-0.0010784352,-0.0037834449,0.000513701,0.0027043887,-0.001618817,0.0028116414,0.002623044,0.00175669,0.0017559357,0.0032027108,7.371637e-05,-0.0044324095,-0.0041052653,-0.00078405126,-0.0043351417,0.001126188,-0.0033387786,-0.0034374176,-0.001799051,0.0037136967,0.0020752165,-0.003983208,0.0037024529,-0.0010555807,0.0030748297,-0.0036429171,-0.0022955786,-0.0010347539,-0.0047825137,-0.0014299058,-0.0016391483,0.001329205,0.0017674827,-0.0028271019,-0.0014663425,-0.002024309,-0.001512256,-0.0007214812,-0.0012376397,0.0010132298,0.0016325433,0.0019916713,-0.002788072,0.004003052,-0.0023656304,0.0035943692,0.0016551843,0.0007524863,-0.0001947522,0.00091046543,0.0026560132,-0.0035940034,0.0024080435,0.0032333615,0.0003549321,0.0014110619,-0.00223522,0.0021212993,-0.00093296857,-0.0025094233,0.0020172577,0.00019586834,-0.0012384596,-0.0032451134,0.004194312,0.0012866065,0.002366042,-0.003615705,0.0012099412,-0.0007374164,-0.0025718596,-0.0031788128,0.0029606621,0.0021923294,0.0038186929,0.0016241949,0.001551758,0.00033391884,-0.003225084,-0.0038354008,0.0016787412,0.002345822,-0.0022353004,-0.0020920248,-0.0012403917,-0.0012523193,0.0022051635,-0.0016443045
24,-0.002543164,-0.0013222824,-0.00081317546,-0.0021915166,-0.0010659335,-0.0007893413,0.0007882913,0.003303826,0.0008278417,0.00394849,-0.00045423966,0.0043081813,0.004028623,0.0032047397,-2.159038e-05,-0.0028759737,0.0042813784,0.0021963709,0.004909976,0.0013471287,-0.0025115742,0.0010858615,0.0025683893,-0.0016524158,0.0036418342,0.0017616852,0.0013354536,-0.0029387258,0.004580856,0.00010188075,0.0037449894,-4.227484e-06,-0.002359518,-0.0020715378,0.0015354244,0.00029901604,0.0018454917,-0.0032628933,0.0019584897,6.067156e-05,-0.0016210217,-0.0026278594,-0.00061389897,0.0038396686,-0.0044729677,-0.0026966052,0.0005607108,-0.0006300008,0.0009382083,-0.00048749783,0.003123618,-0.004395289,0.00015270585,-0.0026997863,-0.001159299,-0.0023051414,-0.000811396,-0.0035649952,0.0026962315,-0.00048046935,0.0010642562,-0.00020045972,-0.0020219567,0.002211638,0.004115732,0.002998483,-0.0033601846,0.0031513653,-0.0039147474,-0.0030314564,-0.0003501825,-0.00031611428,-0.0040560337,-0.002524228,0.001993933,-0.0042588096,-0.0030716984,-0.0025766063,0.0034516214,-0.0032795984,-0.002603199,0.0033229922,-0.0017171197,-0.0017391485,0.0046816343,-0.0033196707,-0.0009967941,0.0018376315,-0.0030243967,0.0015307778,0.0012986583,0.0022918333,0.00037154095,0.000708138,-0.0003198793,0.00131321,-0.0008440978,0.00094739505,-0.0037583634,0.002330945,-0.0016928159,-0.0042361976,0.0014795121,-0.0040727737,0.002691159,0.0016271885,-0.0031437161,-0.0018666307,-4.0054343e-05,-0.0012890853,0.0030480123,-0.0015984027,0.0031314828,0.0027696136,0.004648976,0.00112374,-0.0043716105,-0.002529075,-0.0029934936,-0.0026852444,0.0019223705,-0.0019041297,-0.0016573318,0.0007760381,-0.0038296848,-0.003148926,0.00028964566,-0.0030628345
25,0.0035572639,-0.0022553937,-0.0027047,0.001175415,-0.0028526448,0.0011063338,-0.0018583084,-0.0011479711,0.0064802193,0.0002650278,-0.0045302133,-0.0013670906,0.0030637449,0.003848403,0.0007850216,0.0014343762,-0.0026885585,0.0023440598,-0.00061171665,0.00145205,0.0040843254,0.0034949188,-0.0020618348,-0.002657572,-0.0027690453,-0.001625579,0.002166724,0.00025239476,0.0020821756,-0.0048989,0.004650003,2.0925734e-05,-0.00057985383,0.0020721513,-0.00051452284,-0.0043604043,-0.0010009891,0.0008705582,-0.004392494,0.0008183166,0.0012596762,0.00017649384,-0.0055215033,0.003608095,0.0012332883,-0.0031763774,-0.0007538041,0.0047587026,0.0023044618,0.0038156167,0.0014979051,-0.0036601513,0.0008761408,0.0023674148,-0.0017358654,0.0011629732,-0.0037363917,-0.0020558892,0.0027538436,-0.0025450601,-0.0035324262,0.0007074173,0.0045684185,-0.0019123881,0.004309365,0.003934795,-0.00073741266,-0.0015669303,0.0018796757,0.0023324983,0.0008657289,-0.0010201576,-0.0034542894,-0.0009910172,-0.0043846597,-0.0024378956,-0.00471952,0.003880137,0.0023598862,0.0022147356,-0.00029212216,-0.0016643939,-0.0051034344,0.003903309,-0.0010788329,0.0029207568,0.0020844038,-0.0010684786,-0.0046148347,0.0004575082,-0.003675936,-0.0010129039,0.0007493856,-0.0027205122,0.0023686714,-0.0011675954,-0.0024469271,0.0030498812,-0.0002563253,0.0033403016,0.0037086178,-0.005121819,0.0031003002,0.0021023613,0.0038127634,-0.0030439247,0.001013926,-0.00083782227,-0.0012091172,-0.003104764,0.00074026186,-0.0011830807,-0.0023991494,0.00035723203,0.0049668136,0.0007419551,-0.0006707682,0.0052056643,-0.003036474,0.0013934214,-0.0037459643,0.003415874,-0.00017749178,-0.002204428,0.00299022,-0.0013110767,0.00042852727,-0.0016963403
26,-0.0028705539,0.00033355525,0.0038440574,-0.0030755873,-0.0019093406,-0.0024712025,-0.0014725239,0.00081481016,0.0058574504,-0.0023809453,-0.00030052316,0.0031759362,0.00038897558,0.001032758,-0.0016564631,-0.0025111765,-0.0031281237,-0.002751333,0.004503687,-0.0034593344,-0.0030858882,0.0005636847,-0.0029429696,-0.0023399715,-0.0028377296,-0.0035936516,-0.0020939468,0.0012896834,-0.001957293,-0.0021506534,-0.0027075752,-0.0032470385,0.0024910644,-0.00027165347,-0.0028622653,-0.0024058262,-0.0018994262,-0.0015758032,-0.0012012856,-0.0019155216,-0.0020740351,-0.00026163278,-0.004414064,0.003255983,-0.0010451375,-0.0017902324,0.001883949,0.0040272246,0.0016442323,-0.000881965,-0.0010585303,0.0012265306,-0.004723683,-0.0014281465,-0.0034882508,0.00265387,-0.0006556849,-0.003944968,-0.0026846533,0.0018632092,0.002095806,0.0030898124,-0.0009063751,-0.0012233495,-0.00027759734,0.0021041704,0.0041464455,-0.0016120012,-0.0023862023,0.0031507341,0.0007844892,0.0014176571,-0.00082573266,-0.00037069357,-0.0026227513,0.0020595733,-0.002590558,0.0039768275,6.475143e-05,0.0004019674,-0.0009959799,-0.002026775,-0.005496496,0.004029412,-0.001792784,0.0022506565,-0.0017763585,-0.0013792898,0.0014924747,-0.00192421,-0.0007495642,-0.00058952527,0.00023197377,-2.9607269e-05,0.0028111367,0.0012196857,0.00077865703,-0.0016374097,-0.002383015,0.0037087006,0.00077069685,0.00022676867,-0.003314743,5.0605913e-06,-0.00042823295,-0.0031566983,0.0020663491,0.0018776333,-0.0025010104,0.0013823003,0.0022041132,0.0008213679,0.0013573858,-0.0037369002,0.003522569,0.00094757526,0.001877982,0.0037090734,0.002957196,-0.0039691245,-0.00087832625,0.0015599998,0.0006366037,-0.0003859214,-0.0017331954,-0.00074929517,0.0029144834,0.0009562207
27,0.0034364979,-0.0020168598,-0.0010870264,0.0030680762,-0.0045905886,0.003368581,-0.003368015,0.0016427062,-0.0009181082,0.00046631656,0.0010555658,0.00382377,0.001237969,-0.00015110476,-0.0017083796,-0.0003740405,-0.0016327499,-0.00046293772,-0.00045264087,0.0012971064,-0.002369195,0.00078452553,0.0028627072,-0.00041959286,0.0019009841,-0.0028162415,0.0020292623,0.0028274623,-0.0024136105,0.00019079648,0.004074562,0.0014915006,0.0023809657,-0.0025375756,0.00071478053,-0.0035355464,0.0025742687,-0.0025542078,-0.0030344753,-0.0034973682,0.0038804552,-0.0036399302,-0.0031273437,0.0020952458,-4.7645826e-05,0.0016913024,-0.0014071245,0.003292315,0.0009678024,-0.0028575326,0.0010215716,0.0013363682,-0.0015724113,-0.0030232319,-0.0045866542,0.0045745615,-0.0029452024,0.001482307,-0.003899905,0.0035112961,-0.004214905,-0.0018156773,-0.00061538763,0.003081587,0.0022254158,0.0036150082,0.00095823576,-0.00021438327,0.0028634346,0.0018489887,0.0038035293,-0.0032060957,-0.0038342585,-0.00088814675,-0.0036881093,-0.0029868595,-0.00021605071,-4.1380958e-05,0.0011961788,-0.0012828109,0.002356842,-0.0029576025,-0.0025405225,0.0007132194,0.0008126722,-0.0034813678,0.003928281,0.0010538086,0.00071887334,0.0033783556,-0.0018002883,0.002858315,-0.0012206739,0.0023981493,0.0032246397,-0.0011693282,-0.003496099,0.002214835,-0.0044106445,0.003752627,0.0035680123,0.0008231901,0.0026007888,0.000114036324,0.0027035035,-0.0007726825,-0.0034256573,-0.00040275897,-0.001071083,-0.0036194422,0.0040019024,0.001506423,-0.0012148443,-0.002944637,0.0026971165,-0.0042204433,-0.0044103675,0.004620617,-0.0012691355,0.0030215112,0.0031542564,0.0045394506,-0.0020419494,-0.0021190424,0.0011389903,0.0017702302,0.0014877447,0.0017859287
28,-0.0010172946,-0.0023205439,0.004542164,0.0041691535,0.0028546373,-0.0023180405,-0.002715637,0.0025319532,0.00094112713,0.0041377656,-0.0015861446,0.0009444412,0.0013699007,9.309392e-05,-0.0030792078,0.0018254401,0.004067545,0.0012421096,-0.0022767903,0.0019192832,-0.0012650513,0.0009595025,0.0030717896,0.0037065756,0.0010940968,-0.00054688216,-0.0021814217,-0.0007985039,-0.0027458325,-0.0009434527,-0.0031774996,1.4598381e-05,5.3452786e-05,-0.0014340427,-0.0022626847,-0.0015712782,0.0023169238,1.49226325e-05,0.0013990661,0.0016384383,0.0012032323,0.00094803656,-0.0028719855,0.0021286258,-0.0009196294,-0.0039737322,-0.0007624879,0.0018175533,-0.0015614396,0.0016615439,0.0025339916,-0.00019380466,-0.00353775,0.003320663,-0.001267533,0.0006794202,-0.0034548915,-0.0004155182,-0.0004208112,0.0008195219,-0.0010325914,0.0011122769,-0.00014961153,-0.00091792573,-0.001749843,0.0010945477,-0.0007321943,-0.0006868373,-0.0006704612,0.0023040236,0.0043389252,-0.0025298814,-0.0019031324,0.000255989,-0.0017405116,-0.0044352594,0.0022282833,0.0031644234,-0.0026321122,0.0029986147,0.00015613595,0.00057730306,-0.002628285,0.0029078901,-0.0007784508,0.003427167,0.0033139165,-0.00028478503,-0.0031712896,-0.0010283057,0.001635802,0.0024760917,-0.0030901388,0.0007335162,0.0014095091,-0.0039313994,-0.0009648345,-0.0016844821,-0.0026163508,0.0013292917,0.004573189,0.0002063633,-0.001517299,0.00069798203,-0.001414295,-0.00046511713,0.00056617847,-0.0028027447,0.0017279134,0.00029687915,-0.0019343853,-0.00053983496,-0.0024218992,-0.0003332577,-0.00021630888,-0.0029469382,-0.0039004372,0.0027113596,-0.004289791,-0.0029568728,-0.00044391584,-0.0006716542,-0.00088785536,0.00068556383,-0.002365249,-0.0015602328,-0.002703275,-0.0025847035
29,0.001630876,-0.0012165259,0.00033110028,-0.00037336838,-0.0033366396,0.0022243536,0.0009857822,0.0006867641,0.00068921596,-0.0030884943,-0.0038658322,0.0013979248,0.0024775197,0.0020399354,0.0014115681,-0.0021320663,0.0012353867,0.0021519202,0.0015384428,0.0005621839,0.0011695916,-0.0018997698,0.0031898452,-0.00064373686,0.00067322346,-0.0016265959,-0.0025429765,-0.002776508,-0.0017279981,-0.004219911,0.0027636779,-0.003712346,-0.0025038063,-0.0026376601,0.0009018441,-0.0028328,-0.0010821137,-0.0029259706,0.00052754086,-0.00015604132,-0.0032957427,0.002469591,-0.0026772297,0.0017923573,-0.0031005295,-0.004348963,0.0026743922,-0.0015500692,-0.00072797487,-0.001275484,0.002150002,0.0012834223,-0.003022881,0.0020848084,7.1929884e-05,0.0043661683,-0.003922774,-0.0041029174,-0.0031099303,-0.0010833989,-0.0035394423,0.0011759643,0.0010432398,-0.0012789085,0.0038280159,0.0008355219,0.0031312346,-0.0016537942,-0.0017145127,-0.002097134,0.0029829808,-0.0023603293,-0.00027896438,-0.003273589,-0.0012778689,0.0015690944,-0.0036671883,-0.0006357384,0.002663635,-0.0012624445,0.0028121106,-0.0025116752,-0.0015807833,-0.0015791375,0.0013801113,0.003194968,0.0006676224,0.003945385,-0.002888501,-0.0030447647,-0.0035933934,-0.0014076096,-0.002340144,-0.0015846236,0.0004938129,-0.00084051554,-0.003453564,0.00073295075,0.0029842935,0.00045879246,0.0018107115,0.0027416346,0.001170609,0.0006822036,0.00020118954,0.0011439387,0.0029847687,-0.0027452356,-0.0026526337,-0.0022386482,0.0021234471,0.0014107085,0.0020478705,0.0027612206,-0.0033380839,-0.0039711385,-0.00067711034,-0.0015867081,-0.0013445368,-0.0005446823,-0.0032314828,0.0012121523,0.0017623729,-0.0023650727,0.00016383968,0.0026555427,-0.0025296335,-0.00019362677
3,0.0010165926,0.004741284,-0.00034459078,0.0019022959,-0.0011642354,-0.004421273,-0.00030626598,0.002288555,0.0067918967,0.00346493,0.00274115,0.0015561967,-0.00016833376,0.0012914878,-0.0029142166,0.0049324683,0.00086271396,0.0019751617,-0.0005378072,-0.0036542444,0.0016932341,-0.0030299316,0.0019311379,-0.0006873948,-0.0030395486,-0.00026538264,-0.0012893579,-0.004132445,-5.7492132e-05,-0.004030177,-0.0017483657,0.00026451846,-0.0015322176,0.0029149354,0.00057630555,0.000105689884,0.0031377953,0.0036920435,0.0008432822,0.0019815285,-0.0013944596,0.0020728938,-0.00026149134,0.0015468318,-0.0025998976,-0.0019402537,-0.0030879949,-0.0025620344,0.002350616,0.0027162957,-0.0028827123,-0.0049706846,-0.002851665,-0.0011797206,0.0021386775,-0.0014829248,0.0032945175,-0.0058637275,-0.00082728115,0.001027848,-0.0024931724,0.0030056043,0.0010647491,-0.0045277234,0.004713064,-0.00039923313,0.00074969855,-0.00088652223,0.000970879,0.0017240333,-0.0018565368,-0.0010185794,-0.0040936526,0.0037108972,0.00028909772,-4.487322e-05,-0.001828446,-0.0028311973,0.0021151463,0.001258179,0.0009848678,0.00339606,-0.0038622057,0.0034801601,0.001201757,0.0013847252,-0.0020942702,0.00415785,-0.0038102337,0.0030449627,0.0004957138,0.0009161711,-0.0025805323,0.003720866,0.0010302924,0.0018352191,0.002839011,0.00037109051,-0.005533733,-0.0018363049,0.0054216296,-0.0024834105,-0.00061333564,-0.00045424438,0.003353868,-0.0007269105,-0.0017132744,-0.003037334,-0.002673398,0.0026266563,-0.0019308805,3.7193644e-05,0.003309249,0.00066548237,0.0004619636,-0.004809758,-0.0042386367,0.0011423167,-0.00073226943,-0.00295821,0.0010004933,-0.0027052995,0.0015478088,-0.0024884294,-0.0015577651,-0.0012451396,0.0025890253,-0.00024257059
30,0.0047276383,-0.0013514434,0.0035691378,0.004356414,0.0002600229,0.0028319145,-0.0035636465,-0.0008465373,0.0031871398,-0.002317548,-0.0041669714,0.0019444855,0.0035272918,-0.00059615856,0.0017971369,0.001936425,0.0024071871,0.0034891237,0.0055058748,-0.0021199917,0.00201237,0.0025782685,0.0035285852,-0.0008781926,0.0038659305,-0.0037305392,-0.00011656365,-0.002158948,0.0021511416,-0.0035118943,0.00074390357,0.0030452842,-0.0011167877,0.0025252646,-0.0015065972,0.00091362064,-0.0006240299,0.003466512,0.0028624423,0.0015172304,0.002103982,-0.0016287045,-0.0027747904,0.002060436,-0.0052488074,0.0027835043,0.0005935352,0.004392334,0.0034114572,-0.0005994315,0.00022815538,0.002281064,0.0017592204,0.0033487938,0.00063327193,0.0048892484,0.0013078994,-0.0024659752,0.00028455016,0.00033471017,0.00072447996,-0.0015782893,0.0033502998,-0.0011463899,0.0026046524,0.003755991,-0.0009889624,0.0034104278,-0.0005167186,-0.002214804,6.5017724e-05,0.0035694572,-0.0020501008,0.004044729,-0.0035475532,-0.00051835476,0.0021980247,0.00061329367,0.0004444556,-0.0013333707,0.0024444237,-0.0013391421,-0.002341782,0.002895904,0.0013284857,0.0040497994,-0.0031452589,0.0017338234,-0.003202235,-0.00018620974,0.00042384714,-0.001332766,-0.0019276034,-0.0015267931,-0.0007005994,-0.003925054,0.0018705343,0.0019994797,-0.0031170005,0.0030162309,0.0026636128,0.0010602389,0.00044087088,0.001471304,0.0036453158,0.0036936915,0.0030203518,-0.0017375379,0.0012678114,0.0025274665,0.0030878484,-0.0021125218,0.00045900964,0.0009020323,0.0034980213,-0.0002665195,0.0013473259,0.001111481,-0.0004881587,-0.0022560367,0.0025930232,-0.000249217,0.00027095305,-0.0016275785,0.00019098133,-0.0006297937,0.0033372648,0.0011284718
31,0.004465732,0.0006417572,0.002946548,0.004406457,0.002748319,-0.0040637287,0.0025143472,-0.0015786713,0.006292616,0.002278419,-0.0035007535,5.5397526e-05,-0.0009241637,0.001737966,-0.0027456651,0.0040129167,-0.0014460466,-0.0027398316,0.00094429107,5.4376476e-05,-0.00020985106,-0.0008629083,-0.0042098993,0.00089888676,0.00044376345,0.0020247765,-0.0013586987,0.0007003762,0.0044904314,-0.0048489245,0.004293271,-0.00049716065,-0.0011418969,-0.0015665473,0.0012728133,0.0007391439,-0.002719934,0.003000889,-0.003606257,-0.0007171525,0.0030636608,-0.004247377,0.0022551122,0.004367819,-0.0037450942,-0.0011883142,-0.0003564945,-0.0021775656,-0.0012153182,0.0038907595,-0.0022923755,0.00076017604,-0.0048136297,0.0009913682,-0.0043967613,-0.0009732638,0.00094002526,-0.0031132114,0.00062609784,0.001544872,0.0009900727,0.0034876892,0.0016502574,0.0030277842,0.004938258,0.0023325637,0.0010935216,0.0038783054,0.0009551176,-0.0018248542,-0.0007362521,0.00034790527,0.00015175977,0.0024061708,0.0011280933,-0.0026222942,0.0027040916,0.001064767,-0.0005335833,-0.00060085545,7.1099574e-05,0.002716104,-0.0022466364,0.0031669438,-0.0020566743,-0.0028896339,-0.0009788746,0.0033937308,0.0028161956,0.0025639527,-0.00030494315,0.0027061393,-0.0006602546,-0.0017163109,-0.0011536686,0.00043863518,-0.0037111512,-0.0017144638,-0.004311707,-0.0020902138,0.00046369564,-0.003058958,-0.0004753726,0.00034514494,0.0039630174,-0.0023980984,0.0011385821,-0.0008139789,-0.0010596508,0.0027485413,0.0022801196,-2.4895122e-05,0.0003087484,-0.0020347554,0.0038963042,-0.00037371833,-0.0025828283,0.0048288074,0.002203475,0.0013250473,-0.0028039939,0.0039528613,0.00398033,0.0036799607,-0.0030982916,-0.00068032986,-0.0028127695,-0.0006490353
32,0.0022671374,-0.0019594706,0.0046798084,0.004442122,-0.0048055677,-0.003017011,0.0028379678,-0.0019050073,0.00407588,0.004055364,0.0009112162,0.0035808675,-0.0013780214,0.0007971547,-0.0018579245,0.00049911754,-0.0032698452,-0.00161349,0.002730037,0.0013562926,-0.0013087426,-0.0013239887,-0.0004921533,-0.004135485,-0.0030033602,-0.000421595,0.00089760544,0.0017591919,0.002817067,-0.004023599,0.0048904805,-0.0026604205,0.0027220862,0.0018412155,-0.001336688,-0.0035575293,0.00085398875,-0.0029360815,-2.4119718e-05,-0.0034855728,0.00343035,-0.0041580517,-0.00024588572,-0.00019847146,-0.0040742075,0.0015621714,-0.0034531394,-0.000174003,0.00027038692,0.0027406216,0.0036701122,-0.0035377084,0.00030359474,-0.0032191253,0.0023318203,0.003392526,0.0023521632,-0.0021316698,-0.0015759411,-0.0022737996,0.0021955972,0.0018836786,0.0051950854,0.0015731655,0.0047044507,0.0022303278,-0.0028763947,-0.0014618986,-0.0012665928,0.0025197559,0.0014548103,-0.0003438456,0.0014102214,-0.0028901196,0.0022871527,-0.005333183,-0.0019323898,5.3431984e-05,0.00083643687,0.0029324961,0.004046298,-0.0013685556,-0.0062277727,0.0026834002,0.0041895076,0.0030193406,0.0026624885,0.002165942,-0.0026417605,0.0025502322,-0.002377809,0.00041818473,-0.0026850482,0.00035936205,0.002895547,-0.0031177022,-0.002934932,0.002139943,-0.0048938454,-0.0011971485,0.0048577567,-0.005344388,0.00059916725,-0.005268797,0.0055138343,0.0007419398,0.0026638499,0.0034918631,0.0041302745,-0.0019428518,0.0053823586,0.0029481922,0.00271326,0.0031068434,0.0030869995,-0.0025757535,0.00030743232,0.0018818537,0.00022196397,-0.0016475498,-0.0033350696,-0.0026631078,-0.0008719819,-0.0009094167,0.00072060485,0.0028619508,-0.0035320125,-0.001649194
33,0.0019655828,0.0038001179,0.0046726344,-0.000820265,-0.0018888672,-0.0023281667,-0.0006926575,-0.0024080912,0.0029071171,0.0004663923,-0.00033944682,0.0026413335,0.0024965066,0.00069799705,0.0029441179,0.001834862,0.004107532,-0.0031120416,0.004729485,0.00097551325,-0.0020189786,0.0020173194,-0.003175248,0.0012810269,-0.0005508301,-0.0048920573,1.1157907e-05,-0.004987534,0.0022713838,-0.004358011,0.0020649869,0.0021303785,0.002696327,-0.0031559265,-0.00078437955,0.00057455496,-0.0033036408,0.0036343518,0.002543727,0.0002874434,-0.00073235563,0.0023281018,-0.0028433602,0.0003483973,-0.002338875,-6.361681e-05,-0.0019668336,0.002418302,0.00020629825,0.0011529855,0.0024995191,-0.0029559562,-0.0011545905,0.000618029,-0.0047390405,0.005805933,0.002495835,-0.004429983,-0.0027226952,0.0015204066,-0.0043896125,-0.00033992928,-0.00055753114,-0.00061336753,0.002734368,-0.00028644945,0.0035665154,-0.00020860952,0.0006754237,-0.004007575,-0.0020881938,0.00059968815,-0.0043894327,0.0031727813,-0.0045046974,-0.005006104,0.0006160939,0.003924041,0.0025458075,0.0033659076,-0.0027870398,-0.0019461208,-0.0055757477,0.003981536,0.0020097983,-0.0025356256,0.0027083869,-0.0012557568,-0.0053087357,-0.001233648,-0.0016769029,0.0010192804,-0.0025173586,6.472022e-05,-0.0018743025,0.00188101,0.00076423376,0.0023593719,-0.0043790434,0.0014679946,-0.0009410323,-0.0032213978,0.0034119696,-0.0016294115,0.005366616,0.000910147,0.0033090843,0.0036451754,0.003472727,0.00075169624,0.0031676323,0.00066711754,0.0012688441,0.0038181222,-0.00040088576,-0.0008945056,-0.0013496359,-0.00055020873,-0.0027051861,0.001220206,0.002333447,0.0047241086,0.00508236,0.0033155899,0.0014052136,-0.0010991719,0.0010524848,0.001718754
34,0.0027790298,0.0019818689,0.0027970707,0.0017055251,-0.0032800727,0.0006238313,-0.0016919539,0.0002884668,0.00820957,-0.0004840186,0.0014753509,0.0016328988,-0.00070129737,0.0042975442,-0.004437122,0.0020058488,0.0028379536,0.0022629336,0.004326856,-0.0015268587,0.004371862,-0.004242315,-0.0025296602,0.003628938,0.003275337,-0.0024405003,0.00026684004,-0.0030351148,-0.0013639277,0.0015624256,-8.044378e-05,-0.0037348678,-0.0012663731,0.0020473397,-0.0038873772,-0.0035058912,-0.0022052326,0.0033342338,-0.0041843145,0.0021137453,0.0022066887,-0.0043065487,-0.005157366,0.00088455225,-0.00235625,0.0008102846,0.00072839414,-0.0011649012,-0.00221377,0.004224419,0.0017080522,0.0007051172,-0.0062252926,0.0006106224,-0.0044039134,0.003949827,0.0020374244,-0.0018048296,0.0010694502,-0.0031630825,-0.001985756,-0.00090063113,0.003134112,-0.003893479,-0.00018049996,-0.00312447,0.003920088,0.0012464704,0.0007140216,-0.0026074827,0.004135504,-0.0017947915,-0.00014137816,0.0039613303,-0.004201203,-0.006866614,-0.0020854732,-0.0020587058,0.0017967231,0.0012748919,0.0048527266,0.0033900216,-0.005802513,1.1203793e-05,0.0013779306,0.002492587,0.004717101,0.0031923773,-0.0043467167,0.004449986,0.0027972176,-0.0034449834,-0.0010452361,0.0027149213,0.0017005752,-0.00029471336,0.0028302523,0.0027767713,-0.0023719645,0.0020748172,-0.0014897721,-0.00323018,-0.00022960787,-0.0048622894,0.0025220702,0.004094125,0.00038483887,-0.0016592784,0.0016348623,-0.004474527,0.0047231154,0.0013533975,0.0024612527,0.0010734835,-0.00039233261,-0.0017268636,0.0015692292,0.00094704604,-0.0026813364,-0.0017849403,-0.001202157,0.002159054,0.0039483053,-0.0031246415,-0.003694976,-0.004553743,-0.0011560123,-0.004678521
35,0.0024696,0.004106028,-0.0018774192,-0.0014461256,-0.004711946,0.0013664926,0.0019135606,0.0030396911,0.003029838,-0.002357163,-0.001691397,-0.0008358054,0.0031905877,0.0008887746,-0.0022765715,0.0016094126,0.0016225538,-0.0015460373,0.0031155094,0.0029711728,0.003453796,-0.00027322437,-0.0030148907,0.00339928,0.0025340682,-0.002311151,0.0030158542,-0.005046333,0.0002667817,-0.0033812637,-0.002002054,-0.0030925318,0.00047293954,-0.0020529497,0.0021549205,-0.0034592468,-0.0019952368,0.0006614592,-0.0048644133,-0.0030742798,0.0023598145,-0.0038231437,-0.0014256206,-0.0007297577,-0.0025882788,0.0019586878,-0.0012979386,0.0007357061,-0.0019719487,0.001214663,-0.0007904257,-0.0027452472,-0.006019818,0.0027042069,-0.00519662,0.0050285123,-0.001271375,0.0012907576,-0.0025150245,0.0037380008,0.0019142488,-0.0032138368,-0.0014351659,-0.0027997217,0.002621818,0.0035525425,0.0014939423,0.0018051704,0.00037217594,-0.0029787037,0.0044007637,0.0037624706,-0.003395916,-0.002032213,-0.0044093365,-0.0056862845,-0.0054303426,-0.001545292,-0.0030371002,-0.0030127426,0.004406073,-0.0022546197,-0.0069003263,0.005590721,0.0035784538,-0.0007518857,-0.0006675773,0.004699703,0.0011297471,0.0035033445,-0.0019712262,-0.0042016436,0.0021512588,-0.001696838,-0.002899398,-0.0039688502,-0.0010452557,-0.0014327454,-0.0036093525,0.0038041945,-0.0014348128,-0.0029662405,-0.0011127024,-0.0015735251,7.6999204e-05,-0.0032539305,-0.0012695085,0.0028646227,0.0031772302,0.00278559,0.005334345,0.00021704199,-0.0012716632,-0.0029052575,0.0013116115,-0.0051663737,-0.002515803,0.0060659405,-0.0047663376,-0.0043505947,-0.003045698,0.0029971544,0.0010252192,-0.00085569423,0.0023277444,-0.00067106436,-0.0022933118,-0.00083079375
36,0.0014468594,0.002698805,0.00034707034,0.0007869162,0.0026331258,-0.003913752,0.00049185246,-0.0016138059,0.005512667,-0.002336604,-0.004219633,-0.0015308319,0.0031022257,0.0050890376,0.00023261987,0.0041045565,-0.0007106363,0.00046956638,0.002177845,-0.0032184222,0.0012898683,-0.0034520603,-7.393387e-05,0.0032781227,0.0029520926,-0.00074043224,0.002827381,-0.0030824512,0.0011315978,-0.0044590514,0.0009957035,0.001038344,0.0025079674,-0.0020894667,-0.003443904,0.0016495829,0.00065238867,0.0033479847,0.0014940144,0.0029459423,-0.0034783382,-0.00046478887,-0.00067743514,0.0024689343,-0.0008478601,-0.003238581,-0.002644172,-0.00016687905,0.0037650752,-0.0019441065,0.0017118148,-0.0013781439,-0.005227826,0.0013760268,-0.0024916863,-0.002112335,-0.00086492265,-0.00087185064,0.001078035,-0.0028829388,-0.0006411091,0.000606743,0.001565806,0.00037615266,0.0021395674,0.0027542575,-0.0019629488,-0.0018163442,-0.0006307497,-0.0017462717,0.0021970053,-0.0019294998,-0.0015402195,0.0043729628,0.0018805874,0.0010114588,-0.0035118333,-0.00025002577,-0.0017684888,-0.00036396796,0.0002661248,0.0022334694,-0.0038177115,0.00263022,0.0010138905,0.004513222,0.0011291355,-0.0016292975,-0.0022078499,-8.587226e-06,0.0006156465,0.0028958647,0.00020458251,0.0025967136,-0.0008400361,-0.0024357233,-0.0034783087,0.003162108,-0.002707998,0.0026317304,0.0024578173,0.00044341164,0.0022203503,-0.003977087,0.004382915,0.0038126288,-0.0030915313,-0.0035193388,3.561046e-05,-0.0041683926,0.0027649407,-0.002602258,-0.0010583416,0.00080688996,0.002208766,0.0017732535,-0.0016028446,0.004169483,-0.00059389503,-0.0023179606,0.0010325063,0.0042604953,0.004171927,-0.0011028245,0.0018257761,0.002228874,-0.0008592078,0.00022902386
37,0.004961772,0.0049358355,0.0026913572,0.0017419523,0.00081852346,-0.00040307685,-0.003143085,-0.003741806,0.0047877403,0.0006964267,-0.004023903,-0.0011911229,0.0010884022,0.0035926038,0.0005860767,-0.0013920291,-0.0027472847,0.0032404864,0.0027227404,-0.0005351681,0.0034254594,9.350813e-05,-0.0023863257,-0.0019939977,0.00018187714,-0.0025046205,0.003989004,-0.0007163602,0.001321981,-0.00086304673,0.0012745345,0.003694328,0.0025266956,-0.0030420334,-0.0032752983,0.0023884692,-0.0040025664,0.0012491201,-0.0026188372,0.0018616759,0.00327583,-0.0035867742,-0.0041773827,0.0014840681,0.0008035488,-0.003874147,-0.0016583046,-0.00030552334,0.0036939194,0.0029853433,0.0048032994,0.0008583903,-0.000868907,0.0013183571,-0.0029877112,0.0044484288,0.00338726,-0.004327578,0.00016228575,-0.001965384,0.003384471,0.0014135003,0.0034158775,-0.001687405,0.0027522384,-0.00080197415,0.003371328,-0.0029677525,-0.0031194158,0.0011077292,0.00042876828,0.003001147,-2.9061654e-05,0.0042423243,0.0010226285,-0.006385366,-0.0048514046,0.0015520111,0.00078685256,0.003685692,0.004881829,7.468438e-05,-0.006475222,0.006254258,0.0050085355,-0.002290651,0.0011612151,0.0041107824,-0.0027305817,0.0020786184,-0.00084019883,-0.0044223787,-0.0027265337,-0.0009663654,0.00025293228,-0.0031739178,-0.003884568,0.0018156362,-0.0022880235,0.0044730324,0.002156997,-0.004661053,-0.00050762045,-0.0019065044,0.0029373835,0.0009702264,0.0039129537,0.0034602964,-0.0015022984,0.0026950492,0.0038280617,-0.0042600636,0.0007444982,0.0025663306,0.002050839,-0.0014324448,-6.9935675e-05,0.0057266867,0.0024492305,-0.0028131562,-0.0016302057,0.0006572502,0.003314222,0.0011586985,-0.0037914582,0.00078546803,-0.0034547695,0.0028710433
38,0.0022771223,0.002251808,0.001403623,0.0043674083,-0.0036863605,0.001233838,0.0015494142,-0.00418174,0.001565886,0.0027836217,-0.0024272853,0.0005342555,-0.0012341124,0.0022905048,0.0027172593,0.0047764257,0.0007373511,0.004306846,0.004830904,-0.0011243706,0.002655162,0.0019768728,-0.0019118639,-0.002966657,-0.0022691984,-0.0008193075,-0.0020001545,-0.0030613518,0.0027730276,0.0003460298,0.0040026354,4.0836196e-05,-0.0015850881,-0.0035765022,0.00055779505,-0.0007936252,0.00064837263,0.00045213444,-0.0035088286,9.961349e-05,7.454519e-05,0.0011567381,-0.00448669,-0.0013707964,0.00063712907,-0.0011167717,-0.003088798,0.0018953644,-0.0018260947,-0.0023038883,0.003284258,0.0012943019,-0.004578403,0.0006548549,0.0007301181,0.0026229587,-0.0033637676,0.00076493446,0.0005432091,-0.00029252,0.0015036078,0.00087777514,0.00020228003,-0.0005771142,0.0056373314,-0.0014070552,0.0026223138,0.00033296781,0.0026024852,-0.0030782213,0.0022325856,0.004209633,-0.0025552078,0.0042874343,-0.001701185,-0.006378871,-0.004442956,0.0027168018,0.0028438424,-0.00039794037,-0.002365104,0.00220338,0.00073009945,0.0043191398,0.0038815883,0.0011182517,0.0025979856,-0.0023058017,-0.0035314278,0.0047578937,-0.0036028945,0.0016447885,0.0038165564,0.0013610636,-0.0022120588,-0.00022869333,0.0014857567,0.0031068404,-0.005385224,0.0053497455,0.0052862465,4.5490928e-05,-0.002689475,-0.0013454562,-0.0017101142,0.004201198,0.0022133002,-0.0027263672,0.0008955471,-0.0021258316,0.00037591715,-0.00428416,0.000857877,-0.0030405216,0.0012304521,0.00065014587,0.0019916694,0.000421364,-0.0022729803,-0.0040283203,0.0017339656,-0.0027200787,0.0024135336,0.0021511342,0.0032914695,-0.002509745,-5.0325005e-05,-0.0024537288
39,0.0031588208,-0.0021978403,0.004454162,0.0013131651,-0.0051467894,-0.00065200886,0.0016616206,-0.003515909,0.004733718,-0.0021701637,-0.002100427,0.000111997055,0.0017514003,0.005672629,0.0022086718,0.0015866598,0.0027852908,-0.002296502,0.00609655,0.0012698127,0.00393467,0.0006561361,-0.0018256004,0.0017292694,-0.0030227234,-0.0006989401,0.003663089,0.0006689124,0.0008746155,-0.0053405273,0.0034448851,-0.0017077937,0.00027184538,0.0015060271,-0.0024798783,0.00036843808,-0.00017636898,0.001862063,-0.0011707819,-0.004011281,0.0043459353,-0.0030765766,-0.0004680524,-0.00061415683,-0.0022707055,-0.0035743671,0.0017138113,0.00068981707,0.0020211493,0.0013140102,-0.0013795388,-0.0013133863,-0.0034524663,-0.003624126,-0.0046500904,0.0031234073,-0.00206074,-0.0015170096,-0.0033300512,-0.0020268883,0.002249618,-0.0033194644,0.0017003999,-0.0020715569,0.004913352,-7.195166e-05,0.0012119499,3.5740886e-05,-0.0011557717,-0.000991451,-0.0007840702,0.0009088246,-0.004885808,0.004939303,0.0021520418,-0.0044005886,-0.001274929,0.003618065,0.0044382946,0.0016452175,0.0006263979,-0.0031935205,-0.0018652708,0.001997941,-0.0007708626,0.00040258173,0.0045209425,-0.0016588649,0.0019488364,0.0043189414,0.0035956043,-0.001900907,0.00019337909,0.0023230312,0.0019704546,-0.0044166497,0.00032063818,0.0014021673,-0.0052236128,0.0027805776,-0.00058166427,-0.005070891,-0.0034740428,-0.0028061853,0.00059949106,0.0032406535,0.00055359735,-0.00033016136,0.00028704037,0.0024738899,0.0010279206,0.00031984545,-0.0014338611,-0.00397147,-0.00017392021,-0.002838234,0.0022350743,0.0039594485,-0.0045234817,-0.0012548094,-0.00046525762,0.004646634,-0.0014327517,0.0015258538,0.0017676784,0.0008383594,-1.2707987e-05,-0.00201068
4,0.002230524,0.0028593217,0.0022883476,0.005005003,0.0011128903,-0.004272259,-0.00213424,0.0018099274,0.0046025133,1.0760264e-06,-0.0010562325,0.0031583824,0.0036500944,-0.0003663531,-0.0037119747,0.0027789709,-0.0013680712,0.0037725864,0.006267526,-0.0037633502,0.0016143606,0.0012344136,-0.00074292225,-0.002536278,0.0020777406,-0.00083548593,0.005052814,-0.0042412565,0.0005320139,-0.001142949,-3.1668405e-05,0.001527245,0.0017852592,-5.810247e-05,-0.0015891226,-0.0029590724,-0.0014827236,0.0029241492,0.0011699186,0.0018019521,-0.0024113292,0.00039356572,-0.005760773,0.004359191,-0.0022870693,-0.0023699272,0.00089326384,0.00299945,-0.0003674348,-0.00050126755,0.0021709527,-0.003626118,-0.006421519,-0.0028103923,-0.0055388357,0.0065013533,-0.0034240894,-0.0023864922,0.0023966227,0.0021195274,0.00040659483,0.0022358585,7.880664e-05,-0.00069102086,0.006051097,-0.0009789001,-0.00079191953,-0.00038953833,-0.0014923103,-0.0020851032,0.004330457,-0.00040204322,-0.005024231,-0.0022525745,0.0018394159,-0.007337373,0.00020852865,-0.0034000622,0.000626441,-0.00055975263,0.0029481037,-0.0033735796,-0.00093277637,0.0061448812,-0.00092373294,-0.0019398708,0.003959237,0.0031947675,-0.0052555846,0.0042046383,0.0032728068,-0.002389097,0.0034702343,0.0006728096,0.0017826882,0.0026836381,-0.000298588,0.0020347415,-0.0022605471,0.0043398626,-0.0002563038,-0.0015616389,0.0037677584,-0.0004902689,0.0022331022,0.0016569006,-0.0025473884,0.0014868665,-0.0016725811,-0.0027665647,0.0038968767,0.0008231021,-0.0031279328,0.0014418508,0.002906237,0.0022723973,-0.0029508318,0.0046297647,-0.0009937986,-0.0028837058,-0.0017857467,0.0045056036,0.002303053,-0.002582743,-0.00026128,-0.003671259,0.00029978584,-0.0013675393
40,0.0043409825,0.0012136556,0.0035888453,-0.0016431038,-0.0037236207,-0.0046827444,0.002289979,0.003133792,0.0059456234,0.0029727686,0.0004714632,0.003823602,-0.0028595743,0.0046335543,-0.0039611203,-0.0006148706,-9.074492e-06,-0.0026620037,-0.0003276773,0.0020335324,-0.0019061958,-0.0035943175,-0.0025445987,0.0018515141,-0.0025509137,-0.00041304852,-0.0003830001,-0.0043833917,0.003955809,-0.0043914486,0.0033801983,0.0021270728,0.00219933,0.0010060862,0.0031568317,-0.0014111369,-0.0013480599,-0.0010938668,0.0008697676,-0.0015107885,0.00039261777,0.00076016015,-0.0028762328,0.005417155,-0.0044074436,-0.0022074447,-0.001235781,0.0016311732,0.001116732,0.0014900684,0.0018805525,-0.0037318866,-0.0024648171,-0.0020828447,0.00047067564,-0.00034880504,0.001069612,-0.00046317215,-0.0011189615,0.0022936878,0.0006901879,0.0018646235,0.0012786589,0.0025898414,0.0042123855,0.001017075,0.0017952158,-0.00038186205,0.001864362,-0.0018972461,0.0013793287,0.0037915027,-0.0024398852,0.0010183078,-0.00022986645,-0.0024681622,-0.004692492,0.003183693,-0.0017912881,0.0027201127,0.0016867308,0.0026852745,-0.0017314506,-0.00069335895,0.005347271,-0.0027555884,-0.00025774448,0.000850368,-0.0027487597,0.002711304,0.0019897018,-0.004736045,0.00013241019,0.0016238205,0.00033749043,-0.0014535172,-0.004503724,0.002634158,-0.0034584731,0.0010567362,0.0028706149,-0.0042975214,-0.0020648038,-0.000570861,0.0037712762,0.0016011329,0.002584485,1.9860838e-06,-0.0019563935,0.00022903625,0.00288435,6.38141e-05,-0.0014783974,0.002532336,0.0010205514,-0.0018759873,-0.0017183506,0.0032573198,0.0025325087,-0.004689396,-0.003614404,0.0012903044,0.0021080512,-0.002450468,0.0026008277,-0.0024894401,-0.00058923464,0.0003146381
41,0.003795085,-0.00010979523,-0.0025406822,0.0049663726,-0.0028865228,-0.000505716,0.0030724162,-0.003995777,0.006272243,-0.002584765,-0.0033144222,0.002672511,-0.002110341,0.002049131,-0.0024717464,0.0015636907,0.002380185,0.0015829686,0.00021839867,-0.0035971361,-3.986033e-05,-0.0023101615,-0.0028256876,-0.003974251,0.0032495342,-0.0042795083,0.003943328,0.00018921327,0.0035250748,0.0005937014,-0.0018416964,-0.00031825143,0.00029813527,-0.0015827578,0.0014374956,-0.0032063301,-0.00033816684,0.0010538573,-0.004136237,0.0033101873,0.0014093982,-0.0038503283,0.00045064,0.004500017,-0.0021948025,-0.002182869,-0.0018660343,0.0047269533,-0.00026879963,-0.00042379452,-0.0020791334,-0.0015023609,-0.0038625568,-0.0030153068,-0.0009397717,0.00512154,0.0022574961,-0.00016357162,0.00032402462,-0.0025344128,-0.003051859,0.001075231,1.8942448e-05,-0.0030850912,-0.0015909023,-0.002782177,-0.0007203792,0.0020544361,0.00038751276,-0.00057599245,0.0024471467,-0.0017517505,0.0019196956,0.001015059,0.0008031402,-0.00089276343,-0.0024524769,-0.00218476,-0.0009807039,0.0011155873,0.0016373091,0.0014952318,-0.002667569,0.005453369,0.0032737853,0.0037666822,-0.0009266315,0.004310112,-0.0018247375,-0.0013871825,-0.0010785344,-0.0035326146,-0.0005413258,0.0011844867,0.0015068151,-0.003084723,-0.0027017426,-0.0009712201,-0.004617913,0.0028702628,0.0017137256,-0.0015070189,-0.0012600265,0.0020405513,-0.0012782483,-0.0003386904,-0.0029780653,-0.00062692503,0.0011454434,0.00031462967,-4.4338365e-05,-0.001372433,0.0017301419,0.0015770585,0.0013280497,-0.002909014,0.0013233185,-0.0006918174,-0.0006348481,0.0011707218,0.0010091908,-0.00054628565,0.00013885606,0.0005089976,0.0029229042,0.0002674286,0.0015821313,0.00266386
42,0.0006867371,-0.0021017962,0.0044091996,-0.0016706,-0.0042692153,0.002708383,0.00032213828,-0.0030658054,0.00044006592,-0.0021024975,-0.0012906999,0.0029458227,-0.003025731,-0.0013482098,-0.0029890959,-0.0022365816,6.961656e-06,0.0010305346,-0.0010727893,0.0018404248,0.0023129194,-0.0038912285,0.0024575796,0.0019919258,-0.003236288,-0.0034322303,0.0047146217,0.00042204707,-0.001094845,0.0025013108,0.0020337887,-0.0033274926,-0.0035683005,0.0024409415,-0.0031471364,-0.004478971,0.000115712995,-0.0004831471,-0.0017414637,0.0013195261,-2.5375939e-05,0.00049582333,-0.00222707,-0.0023221867,-0.003960282,-0.004835315,0.001533283,0.0022797175,0.0012230609,0.003575463,-0.0008843006,-0.0027719953,-0.005489397,0.0016647597,-0.0043451884,0.0017757528,-0.002211489,-0.0045890966,-0.003480233,-0.001904889,0.0002681725,-0.0005058033,0.0039753076,-0.002491665,0.00467214,-0.00025805162,-0.0009004244,-0.0020575211,-0.0036453328,-0.001462663,0.0034014524,-0.0018127174,0.0023444532,-0.0011058811,-0.0012541303,-8.840732e-06,-0.0024583032,0.0014853636,0.0018587477,-9.731231e-05,0.000557987,-0.0018855733,0.0012876769,0.00050824275,0.004268351,-0.0009722828,-0.0025228548,-0.00091537856,0.002196308,-0.000823605,-0.0007597823,-0.0010251339,0.0022872118,0.0017797694,-0.0012911771,-0.0019042424,0.0011567255,0.0024384705,0.001876766,-0.001454706,0.0045243152,-0.00028458488,0.002440375,0.0018386438,-0.0016239285,-0.002038957,0.0035923775,-0.002042253,-0.000999779,0.0033490385,0.0015866659,-0.003496538,0.003632523,-0.0034445438,-0.0026043043,0.0007183751,0.0022451412,0.0018348548,-0.0011137652,-0.0032110927,-0.0014273782,-0.000102610924,0.0047989273,0.003079657,-0.0015461554,0.0016691367,-0.0023845825,0.00023732803
43,0.0015322802,0.0040776795,0.0045026424,0.004001405,-0.0032826876,0.0006499048,0.0020876457,0.002084616,0.0026516095,-0.001615798,-0.00035859054,-0.0014959642,0.00031888642,0.0038425173,-0.003730929,0.003674506,0.0036343914,-0.0011584348,0.0009814063,-0.003736577,0.001332241,0.002872662,-0.0004031781,-0.0011994268,-0.00034004377,0.0016265889,0.0018533039,-0.0044974326,-0.0026882377,-0.004677214,0.0037080327,0.0009336326,-0.0029182986,0.0036427595,0.0032852397,-0.0010589301,0.0022436932,0.003920353,-0.0001352822,-0.0005972737,-0.0011846009,-0.0018702493,-0.0052572256,0.003816158,-0.0021460361,-0.0005981183,-0.004005099,0.0033180078,-0.003491892,0.0015508465,-0.0025788483,0.00075199554,-0.005124973,-0.0008446966,0.0015959331,0.0018295394,0.0008986797,-0.003811524,-0.0033534074,-0.001190824,0.0012731506,-0.0026447268,0.0015596402,0.0019893236,0.0005398578,0.0018382325,-0.0023194554,-0.002340646,-0.0025638305,0.0012409197,-0.0024644807,-0.0024628986,-0.002544333,0.0032909925,0.0032970668,-0.0027287262,-0.0025984447,-2.7806173e-05,-0.002142803,-0.001976433,0.0025049422,0.0010523871,-0.0056031127,0.005043175,-0.0013610733,0.0011084364,0.0021728752,0.0012642536,0.0023531478,-0.0022803522,0.0014713655,-0.001831868,0.0038055503,-0.0023108271,-0.0010819662,0.0019914391,0.0006084636,-0.00221339,-0.0037017744,0.003685663,0.0025400983,0.0011951968,0.0008187987,-0.0039334805,0.0014913032,-0.001659685,0.0026361663,0.003137757,-0.0025049527,-0.004245918,0.0022324868,0.0020834089,-0.0002537115,-0.0036121071,0.0036054417,0.0016587956,0.0029908589,0.000876098,-0.001129184,-0.0009424897,-0.0017076957,0.003254491,-0.0026451696,-0.0028485048,0.0012310704,0.0008673155,-0.0020010644,-0.0034980294
44,0.0018711437,0.0040348233,0.00029386426,0.0010878772,-0.002901441,-0.001814533,-0.0013775919,-0.0020150093,-0.00029916607,-2.2921033e-05,0.0036089204,-0.002972982,0.00054438866,-0.0010708582,-0.0035982018,-0.00056022353,-0.0027874971,-0.0004870407,0.00095284,-0.0022309518,-0.0020617764,0.0035424617,0.0030411344,0.0012031072,-0.002048735,0.0032479155,0.0021521973,-0.0033757845,-0.00052960473,0.0008819819,-0.00177421,-0.0037322114,-0.0019052321,0.0035231414,0.0023677766,0.0031689631,-0.003816901,-0.0002523625,-0.00079495803,-0.0034208146,-0.0019767492,-0.0015212017,0.0011071587,-0.0017212258,-0.00012865422,0.0016637915,-0.001085389,0.0012901953,-0.0010984848,-0.0007315445,0.0016355101,6.6519286e-05,0.0031258622,-0.003548154,-0.00356364,0.0030021279,8.2072664e-05,-0.0039919647,0.0010948838,-0.00018553276,0.0027829339,-0.00077963946,0.0039974,0.0035779262,0.0026657814,-2.3812943e-06,-0.0030842347,-0.0011634838,-0.0037903877,-0.0015539294,-0.0008714212,0.00041337401,-0.0013091377,-0.00036601644,-0.0036997313,-0.00014160722,0.0008051325,-1.3141337e-05,-0.0014248606,0.0019343192,-0.00331089,-0.0019371173,-0.0033374955,-0.0005516245,0.0035209456,0.0035140775,0.0018581119,-0.00089418754,0.0028001717,0.0014765718,-0.0003434381,-0.003910377,0.002343543,0.0028668644,0.0007461027,-0.0016057164,0.00210391,-0.0022103472,0.0013354981,0.00260672,0.0012300096,0.0018808435,-0.002971423,0.0010891161,0.002582711,-0.0004373236,0.0037319665,0.0033868775,-0.0034091498,-0.00021366635,0.0037355796,0.0028798347,0.002197321,0.003142636,0.00029864348,0.0020335754,-0.0025792115,-0.0012438596,-0.0030716592,-0.0023108616,0.0009841052,-0.0023430886,0.0006932094,-0.0012972853,-0.003590467,-0.0032263524,-0.0024156838,0.0036688366
45,0.0003137663,-0.0025037988,0.0014155988,-0.0025916086,-0.002872256,0.0030999158,0.0032611818,-0.0029124182,-0.0004055211,-0.0002543154,-0.000658644,-0.0006148785,-0.0029225284,0.0017483262,-0.0029750846,0.003673903,1.4256075e-05,-0.0033663984,0.0025763407,0.0024313952,0.0019350386,0.0010883344,0.0024605943,0.0032249761,0.0021216366,-0.0032472156,0.0024287042,-0.001374967,0.002495945,0.00022131581,0.003756384,-0.0013611785,0.0024699813,0.00082683994,-0.0002344494,0.0005816045,-0.000940609,0.0033302961,0.0011405718,0.0017203826,0.001995482,0.000616124,0.00019086289,-0.00046068415,0.00025469207,0.00037223156,0.003677256,0.0012486571,0.0034669647,-0.0002975644,0.003966713,-0.0013461289,0.0029284728,-0.0011955773,0.0023705144,0.00051936985,0.0031151678,-0.002222191,-0.0006583307,-0.0009821386,-0.0040201675,0.0020495849,-0.0031336937,0.0033910903,-0.0024048141,-0.0011286313,-0.0031664036,-0.0031146419,-0.00285431,0.0030112152,-0.0026035432,0.0013247286,-0.0020692209,0.0008197607,-0.0026291884,-0.0027685126,-0.0024690917,0.0034178225,-0.00050185877,0.0010237168,0.0032315014,0.0014565119,-0.00059247133,-0.001610373,-0.0028292139,0.0007825966,0.001971955,0.003303213,-0.0022198262,0.0041052224,-0.003861471,-0.001979002,0.0012626686,0.0015086277,0.00041378298,-0.002188866,0.0028516399,0.001524298,0.002129665,0.002458701,0.0043635895,0.0017592822,0.0031374518,-0.004258663,-0.0015405904,0.00264953,-0.0020267274,-0.00081961,-0.0006954031,-0.0030096932,0.001383212,-0.0024241656,-0.0023451142,0.0027590578,0.001483757,-0.0036215682,-0.0025370282,0.004369326,0.002277959,-0.0036085825,0.0029469293,0.0041851816,-0.00056593155,0.0019336342,-0.0035052458,-0.0004069449,-0.000560734,0.00080824184
46,0.0041084923,0.0036210613,0.0050198147,-0.0020518245,-0.0011672579,-0.001680137,0.00039526043,0.0029015345,0.0038723808,0.0039237994,-0.0034737333,0.0026118527,0.0046130177,0.0017303401,-0.0028986551,-0.00046969712,0.0031735813,0.0046520475,0.005585033,0.001343968,0.0024502068,-0.00028908372,-0.0013649411,-0.0035942502,-0.0019221224,0.0021404312,0.0050657094,-0.003536803,-0.00039567807,-0.0002554607,0.0020477467,-0.0024528573,0.0032514893,-0.0036397863,0.00035147485,-0.0042863097,0.0029819978,-0.0022749281,-0.0055470197,-0.0013290378,-0.00066356285,-0.000971687,-0.0026015698,0.0024167458,0.00039281338,0.0012976022,-0.0011230734,0.00050359033,0.0005689198,-0.00027360578,-0.00044796153,0.0015705699,-0.0024981762,-0.0035210128,-0.0022088573,0.0058664377,-0.0025447472,-0.0061414307,-0.0012422366,0.003235609,0.0030408555,-0.0039449437,0.0042025447,-0.0035890487,-0.00062004256,-0.0028157053,0.0030942599,-0.0009398273,-0.003920341,-0.00063146633,0.0021873217,0.0031885696,-0.0027226156,-0.0017456777,-0.00023911883,-0.006779741,-0.0031858217,0.0005848707,-0.0024530059,0.0038947933,0.00074343686,0.002316895,-0.0070770136,0.0066098617,0.002873027,0.0022416478,-0.00039875827,0.0025783542,-0.003355266,-0.00023203153,-0.0037817038,-0.0024049701,0.0014266975,0.001247118,-0.000257393,0.0012343854,-0.00048583717,0.0024767732,-0.0010008194,7.109171e-05,0.0031368744,-0.0036097593,0.00017089785,-0.004231496,0.0049242727,-0.0019341022,-0.0031917384,-0.0033300738,-0.0033841098,-0.002687143,0.0049260906,0.002287285,0.0032640283,0.003719423,0.0028889806,-0.0041425144,-0.0016886147,0.0048395284,0.0026731219,-0.0042148293,0.0036706275,0.0041961907,0.0048170346,-0.0025637767,0.0018696659,0.0021199025,0.00164085,-0.0042144293
47,-0.0022189785,0.0033089565,-0.0025552877,0.0048464034,0.0026697032,-0.0021477437,0.00093154167,0.0027168323,0.00014520616,0.0040299525,4.1625754e-05,-0.0030705093,-0.0013425173,-0.002297204,0.003018502,0.0041144653,-0.0014028503,0.0039935885,0.0054637985,-0.0026814481,0.001356106,-0.00014919246,0.0024227018,-0.0032066857,-0.0019889127,-0.0044627185,0.0033688494,-0.0030282787,0.0016322595,0.0015474671,7.6924125e-06,0.0036650074,0.002493485,0.00015085273,-0.0016058638,-0.0047705634,-0.0027778707,0.00052569073,-0.0011592289,0.00079637184,0.0040145996,0.0026793415,-0.005398236,0.0020173858,-0.004531892,-0.0020101075,0.0024136512,0.0029184367,0.0011868895,0.00024754732,-0.000582739,-0.0037779242,-0.005317132,-0.0029480604,0.0020702493,-0.00055584725,-0.00078847277,0.00050874864,-0.0042445003,-0.0030854123,-0.0022181612,0.0016975964,0.0037365507,-0.0043440354,-0.0024652996,-0.00035999343,0.0013673127,-0.0022487685,-0.002558655,0.0007812335,-0.0014107642,-0.0024767357,-0.0027994448,0.00253937,0.0017941265,-0.00406489,0.0021497968,-0.0033938985,0.0015218478,0.003949285,0.0014004903,-0.00042852692,-0.0059618824,0.0017870984,0.003568339,-0.0034130663,0.0011872179,0.0030595993,0.0006381642,-0.0019494839,0.0017654956,-0.003991934,0.0012237147,-0.00025046986,-0.0009278279,0.0008919604,0.0011133318,0.004455193,-0.005333964,0.00049181975,0.0027203506,-0.0037299728,-0.00034714077,-0.004583864,0.0021566118,-0.000506068,-0.0020958679,0.0030091747,0.0023191117,0.00039336877,0.0010635246,-0.00041965418,0.003343458,-0.00042529427,0.0043060593,0.0023866454,-0.0015659896,0.00058987236,0.000366068,-0.0045784973,0.00071912643,0.0001184322,0.0017972721,-0.003586317,0.002338871,-0.0020663915,-0.0014454647,-0.0017699086
48,0.004997688,0.0037810202,0.005194276,0.0051377527,-0.00025018502,-0.004068903,-0.0030744618,0.0026166043,0.0070647905,0.0027484833,0.0013875442,0.0012325726,-0.00023758132,0.0029785028,0.0016636733,-0.0003443784,0.0022900396,-7.634242e-05,0.0007518813,0.00035337702,-0.00054945966,-0.0041716015,0.0014486831,0.0032635466,0.0029798143,-0.0011169885,-0.0018450338,0.0020443902,0.000916849,-0.0026256326,0.00013062399,0.0035169648,-0.0028991431,0.0020904709,-0.00044141832,-0.004406492,-0.0036761512,0.0026049535,-0.0011432183,-0.0040870174,0.0034574603,-0.0030028068,-0.004144827,0.0012494833,-0.0013937665,-0.00063387357,0.0024154414,0.0040051644,0.0034363996,0.0030988017,-0.0007507783,-0.0049405335,-0.002301168,-0.0033019285,-0.0013374925,-0.0011636819,-0.0011471411,-0.00041617753,-0.0028326972,-0.0025288607,-0.0025411453,-0.00080680574,0.0007183697,-0.00015248948,0.0012507585,-0.003084398,0.0028085553,0.0018739713,-0.0044946396,0.003071323,-0.0004557482,0.0020009314,-0.0034208214,0.004192349,-0.0027242007,-0.00041930622,-0.0022153226,-0.00096371735,-0.00089407206,0.0039460165,-0.0019332798,-0.0035048167,0.001039265,-0.00045593845,0.002318588,-0.0018766515,0.0009185184,0.00079121126,-0.0048388173,0.0035680176,0.0034124304,-0.0034497073,-0.0014816729,-0.0024171402,0.0017230179,-0.0016312912,0.00050247967,-0.0014434848,-0.004678209,0.0014273553,-0.00057678646,-0.0038212538,0.003374065,0.0019084289,-0.00083506317,0.0024540036,-0.0009025256,-0.0016900953,0.0017534118,0.00083424884,-0.0008979678,-0.00047687933,-0.0014101312,0.0020928106,0.0035583202,-0.002806842,-0.0018753125,0.0047417027,-0.0007983069,-0.0018487636,0.0036513114,0.004639352,0.0037439594,-0.0013030851,0.0017250511,0.0013156431,0.0029511526,-0.0020909624
49,0.0016552471,0.004370672,0.0017549326,0.005068158,-0.00023204292,-0.0002967329,-0.00020563805,0.0012349681,0.0071938094,0.00074958993,-0.004772338,0.0012347717,0.0026143605,0.0025400638,-0.004099989,0.0044813785,-0.00077030814,-0.0016383632,0.00050984946,-0.0027701242,-0.00050393236,-0.0016182843,-0.0033481063,-0.00013459074,-0.0011158586,0.0010902754,-0.00011197829,-0.0055678342,0.00047417425,-0.004182483,-0.0001848116,-0.0024373403,0.001466537,-0.000666401,-0.0015564926,-0.0015881292,0.0030444027,0.0046185544,-0.0059738224,-0.0038919542,0.0029168734,-0.004629033,-0.0062213754,-0.00133729,-0.002651985,-0.0038571053,-0.0013710603,0.0024552813,-0.0012897729,0.0041467724,0.0018870088,-0.004838855,0.00030884967,-0.0027748605,-0.0041111796,0.004749747,-0.004394071,-0.005709187,-0.0034725508,0.0030314508,-0.0043445374,-0.0023808097,7.058817e-05,-0.003925105,0.0056420406,-0.0014159799,-0.001187539,0.00037348515,-0.004670666,-0.0009504513,0.0037363586,0.004176608,0.0019108854,0.0031337528,-0.004449236,-0.007942656,0.0012550099,-0.0016808079,0.0042208694,0.0011162817,0.00134534,-0.0032555703,-0.007590174,0.0021573196,0.0050667655,-0.0019846924,-0.0012250758,-0.0016372289,-0.005692073,0.000455164,-0.000291429,-0.0053769057,-0.00046261132,-0.0012226689,-0.0024427115,-0.0016840447,-0.0028226785,0.002966078,-0.0015957273,-0.0008349293,0.004358759,-0.0060330075,-0.0026126849,-0.0034272403,6.4624346e-06,-0.0011920846,-0.002260907,-0.0031836885,-0.0034642161,-0.0030243336,0.0022141407,-0.0017725722,0.0025173891,0.0014936259,-0.00096096314,-0.00300439,-0.0025800283,0.00011864186,-0.0041266046,0.0012018468,0.00170895,0.0028828662,-0.001649752,-0.0003593481,-0.0024886678,-0.0031364525,-0.0028799784,-0.004237447
5,0.001477736,0.0051126955,0.005300375,0.0027191718,-0.0032844853,-0.001384014,0.0004555306,-0.004294879,0.0044253487,0.0011276249,-0.0029950507,0.002980631,0.004213878,-0.0016087475,0.00203974,0.0032301554,0.0021057024,0.0041235625,0.002126308,0.0022261988,0.0027697734,0.00021767139,2.0891877e-05,-0.0035297726,1.2782251e-05,-0.002509651,0.005158086,-0.00059653254,-0.0018779694,-0.0025280032,0.0048686033,-0.0015620238,0.0035368756,-0.00022643569,-0.0010275225,0.0013928575,0.00065459515,-0.0023063223,0.0008329555,-0.0017328884,-0.0006744019,0.0017622708,-0.002021013,0.00015734576,-0.0019208477,-0.0005559256,-0.0027732288,0.0043465393,0.00027926356,-0.00089995714,-0.00013020883,0.002316452,-0.0014425267,0.0005620497,0.0013164965,0.0047998903,-0.0031188023,-0.0019025031,-0.0039430493,0.00017463049,-0.0024754023,-0.00046613198,0.0011286642,-0.0047860085,0.00088533264,-0.00073463935,0.00036030638,-0.00015579509,-0.0052776565,0.00083882257,-0.0014512684,0.0019050906,-0.00050434,0.0008380946,0.0012007853,-0.0042895614,-0.0035192252,0.00033603128,0.0009151187,-0.00042350535,0.002767113,-0.0009100037,0.00053509476,0.0050514485,0.0016776251,0.000661156,0.00038644,-0.0009548553,0.0017189564,0.0009849342,-0.0020939868,0.0004960227,0.0023088336,0.002788038,0.0037797187,-0.0011243491,0.00077485916,0.0013596764,-0.0011516276,0.0009769734,0.0049009053,-0.0023907537,0.002687914,-0.00321914,0.0026109917,-0.00056986435,0.0019143845,-0.0031734142,0.0035332511,-0.0018978529,0.004175262,0.0009077369,-0.0012773223,0.0012551323,-0.0019085633,-0.0041416823,-0.0002003734,0.0022239578,-0.0011406234,-0.0046924045,0.0022302803,-0.001286357,0.0037816835,-0.0037093435,-0.0034627023,0.00049840705,-0.00027762383,0.0023669824
50,0.0017645262,0.0048131207,0.0018927943,-0.0017810536,-0.0027127084,-0.0027624937,0.00015727311,0.0010354655,0.002209868,-0.0031727683,0.00055155146,0.0004252613,0.0019270782,0.0015018772,0.001329063,0.003457762,-0.0027759057,-0.0018898506,0.004392441,0.0025603035,0.002019891,0.0034951372,0.002028049,0.00018822562,-0.0015016075,-0.0035627084,0.0028103334,-0.0006756955,0.0004380067,0.0022971686,-0.0025698661,-0.0036563587,-0.0027991135,0.00246583,-0.001355705,0.001818461,0.00073812413,-0.0013404208,-0.0046215327,0.0015659765,0.0029338652,-0.00045534194,-0.0029260342,0.0029208236,-0.00167752,-0.0016125541,0.0030044443,0.0027299612,-0.0022382576,-0.0020716814,0.00212216,0.0011242643,-0.0029147677,-0.0006106156,0.00092465413,0.0053088213,-0.0021127732,-0.0025172052,-0.004460673,0.00019552911,-0.002570187,0.0028686274,0.00049872685,0.0028986367,0.0049444847,0.0036009534,0.000541175,-0.0024344546,2.883312e-06,-0.0024176913,0.0037574975,-0.0036047744,0.0013111415,-0.00039228154,-0.0020550648,-0.0032399988,-0.004143605,0.0038463972,-0.0011152508,0.0015601559,0.0032272928,0.0031107508,-0.0018248429,-0.00088535703,-0.0019021383,-0.0024746815,0.0015050136,-0.0017065278,0.0006809613,-0.00043482016,-0.00053356646,-0.0039596846,-0.0010434253,-0.0013934631,-0.0031297454,-0.00385725,0.0017007947,0.0026961495,-0.0035490799,0.0038470633,0.0042518172,-0.0034835367,-0.0024671517,-0.0031286448,0.0028002418,7.5478485e-05,0.00030248534,0.0034088339,0.0023172623,0.0024203663,0.0019580761,0.0035325799,3.4695353e-05,-0.0036671322,0.0035614995,-0.0034307174,0.00082720356,0.0019694164,0.0031279016,0.0012394735,-0.003655262,-0.0027587828,0.00041067164,-0.0006564249,-0.0005912574,-0.0033286891,0.0030814474,-0.0003136208
6,0.0020750752,-0.0014145746,0.0008661001,0.0050980398,-0.0031942758,0.0014398256,0.0015863576,-0.0026621355,0.00449796,-0.0008709168,-0.0013374818,0.0021825028,-0.0025814786,-0.00035544418,-0.0019929036,-0.0018521075,-0.0028818366,0.0044918973,0.00010055353,0.0036296805,0.0025551384,-0.001242046,-0.00047788356,0.0013084103,0.002187847,-0.002889259,0.0023808375,0.0021973168,0.0042443993,0.001038434,0.0010748114,-0.0016693937,-0.00018149623,-0.000283698,0.0019078808,0.00059888005,8.7885375e-05,0.0020758996,0.002506968,-0.0006278912,-0.003004695,0.0007848023,-0.0010617715,-0.0010486186,-0.0034924895,-0.00084869674,0.0020586827,-0.0011836768,-0.0016735207,0.0041727307,0.0022773468,-0.0012738769,-0.0044953586,-0.00018010952,-0.002389551,-0.0015036016,0.0028050656,-0.004149208,-0.0038545427,0.0029518325,-0.002745594,-0.0028220867,-0.0019333957,0.0026043565,0.0054975348,-0.0019588522,-5.2820636e-05,-9.829851e-05,-0.0017337927,-0.0012347662,0.0013200156,-0.0033864204,0.00054309063,0.0004532246,0.0012019511,-0.0005850135,-0.0035793718,0.0022524833,-5.929895e-05,-0.0022124539,0.002955457,-0.003656359,-0.00029563293,0.0017173772,0.0050596287,0.0024365026,-0.000732832,0.0011390359,-0.0013247193,0.0027665866,-0.0030445193,0.0019801666,0.0021731197,0.0022942813,0.0032072542,0.0009936889,0.0030914599,0.0045347624,-0.0027955817,-0.00146846,9.2190996e-05,0.0019274504,-0.00069568236,-0.0012726155,-0.0005195077,0.0013469512,-0.0020256303,0.0020484745,-0.0010013086,-0.0014732477,0.005564252,-0.0010943286,-0.0012053904,0.00091591413,0.0011235793,0.0013057517,-0.0030303805,-0.00022616793,0.000138323,-0.0030346953,-0.0022682764,-0.001591336,0.0020094276,-0.001662212,-0.0019465872,-0.0009810444,-0.0023235967,-0.003142947
7,0.004098741,-0.0030285444,-0.0031139636,-0.0025208334,0.00017651875,0.0033787924,-0.0035403136,-0.0005907248,-0.00064598623,-0.0010806888,0.0017538283,0.0009024082,-0.0009996613,0.002422444,-0.00339327,-0.0027687883,-0.00027298983,0.0015300786,0.004422224,0.0005356036,0.0033645725,-0.00013266492,0.0028664868,0.0001191914,-0.0017823785,-0.00094003754,-0.0011057748,-0.0012107636,0.0025345276,-0.0012324707,0.0012783398,-0.0001849852,0.003327406,0.002188933,-0.0034851385,0.0010811591,-0.0003594687,0.0015597305,-0.0003685252,-0.0035389026,0.0017702809,0.0022859476,0.0031270676,0.003980434,-0.0044127353,0.0028565256,-0.0014324583,-0.0017265093,0.0031550822,0.0033234067,0.003647005,0.003301667,-0.003244825,0.0023808652,-0.0039970907,-0.0030682941,0.00012166021,0.0013666622,5.7493195e-05,0.0037542814,0.0022779906,0.0023641977,0.0010096796,-0.0007287833,0.004153461,0.0038108248,0.0037624226,0.0017064317,-0.0017920673,0.0024633398,-0.0009223276,0.0021281776,-0.0022347374,0.0022760609,-0.0013126953,0.0020470524,-0.0012870149,0.0018623209,-0.0015186655,-0.0031928436,0.0031045543,-0.0011476584,0.0018339198,0.0035252695,0.0010000666,0.0013972531,0.0011386767,-0.0009118278,-0.004393686,0.0029580027,-0.00062646926,-0.0033950917,-0.0014019202,7.70527e-05,0.00068603206,-0.004155736,0.0012645765,-0.0013255773,0.0030589388,-0.0030544798,-0.0006110366,0.00066609593,-0.0009988607,0.002148805,-0.0019456758,0.00335702,0.0031835232,0.0010422871,0.0012513015,-0.0008169774,0.0024012148,0.0011136637,-0.00145139,0.0027931507,-0.003398083,-0.003316453,-0.00096751685,0.0011890404,-0.0029885178,-0.0004951331,0.0030918957,-0.0024136351,0.00073428353,-0.0025205787,-0.002671406,0.0011746336,0.0015156355,-0.0024553165
8,0.0046883407,0.0045394157,-0.00082888297,-0.0014695245,-0.0039215973,-0.0009160269,-0.002107231,-0.0037346466,0.0061938954,0.00042375815,0.0028357473,-0.0029549417,0.001909581,0.0037167866,0.0031895128,0.00015784001,-0.0024355194,-0.0030055738,0.004137539,0.00040999544,0.004173004,0.0024488338,-0.0006960197,-0.0027103575,-0.0014845566,0.00068896025,0.0009491084,0.0017525913,0.003859721,-0.001179282,0.0043064803,0.0023424523,-0.0017242855,-0.0021562902,-0.0010249208,-0.0042794095,0.0018919735,0.0037632887,0.00020629981,0.0029713972,-0.00091038895,0.0020983634,-0.00441772,0.0008151811,0.0014885245,0.0031005177,0.00053752394,0.0011712182,-0.0011664651,0.0035930478,0.004315614,-0.00066157465,-0.0023354504,-0.0030295537,0.0010385688,0.0008965113,-0.0019575541,-0.0035557528,-0.00030180847,-0.0038268364,-0.0008722887,-0.003456536,0.0005720756,0.0029583653,0.0036100892,0.0004405362,0.0013177787,0.00024658148,-0.0027693561,-0.003531563,0.00405127,0.00020108321,0.0026566377,0.0040400308,0.0016581246,-0.0016421579,-0.0018456856,-0.0034811646,0.0033608465,-0.0013554959,0.0034788714,0.0036994899,-0.0038063515,0.0043837205,-0.002229849,-0.000390049,-0.0033227466,0.00093444076,-0.00026752465,0.0024683988,-0.0022133803,0.0018080376,-0.00024659073,-0.0017005325,0.0014641247,0.00082575117,-0.0017168728,0.004299444,-0.0021568611,-0.0004943501,-0.0014896794,0.0027655694,0.003682981,-0.0015918489,0.004516953,0.0020138852,-0.0025603033,-0.00064514496,-0.0022197072,-0.0003091438,-9.176907e-05,0.002498207,0.0035898811,0.0016190241,-0.0026570044,-0.0036268088,-0.0037789438,-3.0283898e-05,-0.0030435284,-0.0024922765,0.003490619,0.0036324067,-0.00060039404,0.00088369224,-0.0040000617,0.0015477836,0.0018514331,-0.0023390723
9,0.0014997161,0.0038434775,0.0041156416,-0.00055734976,-0.00017052171,-0.0022176674,0.0005795123,-0.003890305,-0.0009654465,0.0033308254,-0.00065080303,-0.0033863296,0.0018086305,0.0041018403,-0.0031864347,0.0028915969,0.0031818547,0.0035206748,0.004012019,0.0020974125,0.0028018944,0.00084174273,-8.7591136e-05,0.0024300439,-0.0029820611,-0.0025357693,-0.0023444518,-0.001679943,-0.00097407174,-9.944585e-06,0.0011305145,-0.0018717647,-0.0025101611,0.0020128826,0.003015608,-0.0012592336,-0.0039922227,0.0027248727,0.0004065435,0.0033064547,0.0036264255,0.0027847749,0.0020656344,0.004089342,-0.001753259,-0.0036287177,0.0019198891,0.0037989162,0.0016580807,2.0670133e-05,0.0041205944,0.00028206487,-0.00076011714,0.0002038121,-0.00078326423,-0.00025437755,-0.0031050008,-0.004374368,-0.0019706069,-0.0029781354,-0.0020645775,0.0017769885,-0.0010150846,0.0026952792,0.000571715,-0.0036161793,-0.00042540327,0.00068055507,-0.0014129718,0.0007712539,0.0037325644,0.0036687732,0.0016305557,-0.0022814486,8.004551e-05,-0.0026084606,-0.0009896607,0.0002915494,-0.0030048282,0.00095684465,0.0013497974,-0.0033874947,0.0016937159,-0.0011469913,0.0012076317,0.0042199213,0.00030042537,-0.0015280389,-0.0009481157,-0.0030688145,-0.0038479161,-0.0009864216,-0.0006487339,0.0012648015,-0.002496302,-0.0013060546,-0.0025705532,-0.0022822479,0.0011088403,0.0037369933,0.003710942,0.0016273261,0.0009202774,0.0015207009,-0.0028691823,0.0037701507,-0.0030176179,0.003314057,0.00365942,0.0014083373,0.0023067752,-0.0018256496,-0.0017138235,-0.0001622458,0.0037226388,-0.0011142448,0.0033443577,-0.0023717622,-0.0014482249,0.002398295,-0.0021827093,0.0037568077,0.0034672243,-0.00013232416,0.0015802006,-0.0024190752,0.003215132,0.0024732219
